id_reserva,nombre_cliente,destino,fecha_viaje,correo,plataforma
43,Felipe Martinez,Montevideo,2028-06-29,felipe.martinez43@gmail.com,Booking
300,Javiera Araya,Miami,20-06-2028,javiera.araya300@gmail.com,Kayak
643,Jose Sanchez,Paris,2027/03/15,jose.sanchez643@gmail.com,Travel Now
343,Felipe Reyes,Barcelona,2027-10-10,felipe.reyes343@gmail.com,Travel Now
685,Sofia Torres,Santiago,2028-07-09,sofia.torres685@gmail.com,Travel Now
488,Carlos Gomez,Santiago,2027-01-28,carlos.gomez488@gmail.com,Despegar
560,Javiera Diaz,Paris,2028-02-17,javiera.diaz560@gmail.com,Booking
349,Jose Castro,Buenos Aires,2026-12-07,jose.castro349@gmail.com,Google Flights
494,Sebastian Sanchez,Berlin,2028/09/14,sebastian.sanchez494@gmail.com,Travel Now
914,Jose Fuentes,Montevideo,02-01-2028,,Google Flights
72,Paula Romero,Madrid,2027/04/15,paula.romero72@gmail.com,Despegar
289,Diego Gomez,Miami,2028-06-12,diego.gomez289@gmail.com,Despegar
441,Sofia Rodriguez,Roma,2028-03-08,sofia.rodriguez441@gmail.com,Booking
286,Jose Vargas,Rio de Janeiro,13-06-2028,jose.vargas286@gmail.com,Despegar
920,Carlos Morales,Bogota,fecha_mala,carlos.morales920@gmail.com,Travel Now
833,Daniela Martinez,Madrid,2028-07-16,daniela.martinez833@gmail.com,Despegar
276,Javiera Perez,Madrid,2028-01-03,javiera.perez276@gmail.com,Google Flights
652,Valentina Gomez,Madrid,2027/05/21,valentina.gomez652@gmail.com,Booking
1034,Perez,Buenos Aires,2026-08-18,carlos.perez1034@gmail.com,Kayak
62,Matias Perez,Miami,12-09-2026,matias.perez62@gmail.com,Kayak
987,Reyes,Punta Cana,2027/01/10,paula.reyes987@gmail.com,Despegar
188,Ignacio Araya,Roma,2026/08/21,ignacio.araya188@gmail.com,Booking
259,Catalina Morales,Buenos Aires,2028-06-06,catalina.morales259@gmail.com,Google Flights
34,Jose Fernandez,Miami,2028-04-04,jose.fernandez34@gmail.com,Travel Now
502,Carlos Torres,Quito,18-04-2027,carlos.torres502@gmail.com,Booking
227,Sofia Silva,Berlin,2026-11-23,sofia.silva227@gmail.com,Kayak
496,Valentina Paredes,Buenos Aires,2027/11/14,valentina.paredes496@gmail.com,Despegar
1132,Fuentes,Quito,2028/05/17,benjamin.fuentes1132@gmail.com,Booking
397,Benjamin Fernandez,Quito,2027/11/04,benjamin.fernandez397@gmail.com,Despegar
479,Camila Fuentes,Cancun,2028/09/07,camila.fuentes479@gmail.com,Booking
1057,Torres,La Paz,2027/11/11,paula.torres1057@gmail.com,Kayak
3,Matias Silva,Montevideo,2027/07/26,matias.silva3@gmail.com,Despegar
912,Fernanda Rojas,Santiago,fecha_mala,fernanda.rojas912@gmail.com,Booking
556,Carlos Fernandez,Roma,2026/06/04,carlos.fernandez556@gmail.com,Google Flights
773,Jose Gomez,Ciudad de Mexico,2027-10-01,jose.gomez773@gmail.com,Despegar
708,Valentina Reyes,Miami,10-08-2026,valentina.reyes708@gmail.com,Kayak
559,Sofia Castro,Nueva York,07-11-2026,sofia.castro559@gmail.com,Booking
498,Javiera Diaz,Paris,03-10-2027,javiera.diaz498@gmail.com,Booking
1123,Reyes,Lima,17-09-2028,jose.reyes1123@gmail.com,Despegar
440,Ana Silva,La Paz,2027/04/06,ana.silva440@gmail.com,Kayak
766,Matias Reyes,La Paz,03-04-2027,matias.reyes766@gmail.com,Despegar
531,Camila Reyes,Paris,2027/12/17,camila.reyes531@gmail.com,Travel Now
872,Daniela Torres,Paris,2027-04-10,daniela.torres872@gmail.com,Despegar
1036,Ignacio Herrera,,2026-11-01,ignacio.herrera1036@gmail.com,Despegar
547,Benjamin Rodriguez,Lisboa,2028-06-13,benjamin.rodriguez547@gmail.com,Google Flights
420,Catalina Fuentes,Ciudad de Mexico,2027/12/07,catalina.fuentes420@gmail.com,Despegar
707,Ignacio Sanchez,Miami,09-11-2026,ignacio.sanchez707@gmail.com,Booking
797,Camila Castro,Madrid,2027/11/02,camila.castro797@gmail.com,Travel Now
374,Camila Silva,Rio de Janeiro,2027-11-14,camila.silva374@gmail.com,Kayak
765,Benjamin Lopez,Barcelona,2028/01/25,benjamin.lopez765@gmail.com,Kayak
47,Sofia Gomez,Punta Cana,2027-12-22,sofia.gomez47@gmail.com,Despegar
1005,Ana Reyes,Bogota,04-10-2026,sin@dominio,Google Flights
246,Juan Morales,Santiago,2027/12/04,juan.morales246@gmail.com,Despegar
37,Javiera Sanchez,Lima,2028/08/19,javiera.sanchez37@gmail.com,Google Flights
1156,Paula Romero,Madrid,2028/08/28,sin@dominio,Despegar
1111,Jose Rodriguez,Ciudad de Mexico,2028/03/22,correo,Travel Now
754,Daniela Gomez,Rio de Janeiro,2028-06-15,daniela.gomez754@gmail.com,Despegar
123,Matias Silva,Montevideo,2027-03-18,matias.silva123@gmail.com,Google Flights
659,Camila Martinez,Roma,2027/12/27,camila.martinez659@gmail.com,Travel Now
424,Daniela Reyes,Barcelona,16-05-2027,daniela.reyes424@gmail.com,Despegar
873,Francisca Diaz,Punta Cana,19-07-2026,francisca.diaz873@gmail.com,Kayak
945,Ignacio Fernandez,,2027/12/18,ignacio.fernandez945@gmail.com,Despegar
971,Camila Silva,Quito,10-07-2026,sin@dominio,Despegar
174,Carlos Silva,Rio de Janeiro,26-05-2027,carlos.silva174@gmail.com,Travel Now
1032,Diaz,Madrid,2026-08-30,sofia.diaz1032@gmail.com,Kayak
1033,Felipe Rojas,La Paz,fecha_mala,felipe.rojas1033@gmail.com,Google Flights
924,Maria Vargas,Madrid,2028-09-28,,Despegar
784,Carlos Romero,Punta Cana,2027-12-26,carlos.romero784@gmail.com,Booking
4,Ignacio Fuentes,Berlin,11-06-2026,ignacio.fuentes4@gmail.com,Google Flights
824,Paula Rodriguez,Barcelona,2026-12-24,paula.rodriguez824@gmail.com,Despegar
486,Carlos Martinez,Lima,2028/01/27,carlos.martinez486@gmail.com,Kayak
140,Carlos Araya,Bogota,2027-06-17,carlos.araya140@gmail.com,Travel Now
405,Daniela Vargas,La Paz,2026-09-27,daniela.vargas405@gmail.com,Travel Now
855,Paula Rojas,Cancun,2027/10/21,paula.rojas855@gmail.com,Booking
1188,Maria Paredes,Paris,2028-03-22,sin@dominio,Google Flights
155,Ignacio Vargas,Lisboa,2027-05-31,ignacio.vargas155@gmail.com,Travel Now
111,Sofia Gomez,Madrid,2026-11-03,sofia.gomez111@gmail.com,Booking
271,Ignacio Morales,Berlin,2026-11-18,ignacio.morales271@gmail.com,Google Flights
532,Ignacio Fernandez,Ciudad de Mexico,2027-07-10,ignacio.fernandez532@gmail.com,Booking
287,Catalina Rojas,Barcelona,2028-05-14,catalina.rojas287@gmail.com,Travel Now
549,Camila Perez,Bogota,2027/01/28,camila.perez549@gmail.com,Travel Now
679,Juan Lopez,Madrid,2028/10/08,juan.lopez679@gmail.com,Kayak
125,Catalina Torres,Barcelona,2027-10-07,catalina.torres125@gmail.com,Travel Now
360,Catalina Rojas,Barcelona,23-11-2027,catalina.rojas360@gmail.com,Google Flights
895,Matias Perez,Ciudad de Mexico,2028-05-12,matias.perez895@gmail.com,Google Flights
788,Sebastian Herrera,Lisboa,2028-02-22,sebastian.herrera788@gmail.com,Google Flights
786,Carlos Herrera,Lisboa,2027/05/21,carlos.herrera786@gmail.com,Booking
1110,Rojas,La Paz,2027-08-08,maria.rojas1110@gmail.com,Google Flights
871,Daniela Silva,Buenos Aires,2027-01-31,daniela.silva871@gmail.com,Travel Now
252,Fernanda Diaz,Lisboa,2026-10-10,fernanda.diaz252@gmail.com,Booking
540,Juan Martinez,Nueva York,03-07-2027,juan.martinez540@gmail.com,Despegar
367,Juan Romero,Roma,21-03-2027,juan.romero367@gmail.com,Kayak
190,Ana Silva,Santiago,18-08-2026,ana.silva190@gmail.com,Despegar
604,Valentina Silva,Roma,2028-09-02,valentina.silva604@gmail.com,Kayak
279,Juan Rodriguez,Roma,2027/07/10,juan.rodriguez279@gmail.com,Despegar
543,Paula Diaz,Buenos Aires,25-05-2028,paula.diaz543@gmail.com,Booking
728,Camila Paredes,Santiago,2027-04-14,camila.paredes728@gmail.com,Booking
491,Ignacio Vargas,Montevideo,2026/12/06,ignacio.vargas491@gmail.com,Booking
1162,Morales,Miami,2027/02/15,catalina.morales1162@gmail.com,Booking
583,Paula Araya,Santiago,22-01-2028,paula.araya583@gmail.com,Travel Now
880,Camila Castro,Miami,22-09-2026,camila.castro880@gmail.com,Google Flights
1135,Valentina Paredes,,2026/10/24,valentina.paredes1135@gmail.com,Travel Now
569,Javiera Rojas,Paris,2026/11/07,javiera.rojas569@gmail.com,Google Flights
446,Carlos Martinez,Bogota,2027-07-11,carlos.martinez446@gmail.com,Booking
1061,Benjamin Rojas,,2027-07-01,benjamin.rojas1061@gmail.com,Kayak
997,Sanchez,Paris,2027/07/07,carlos.sanchez997@gmail.com,Kayak
1178,Rojas,Montevideo,2027-02-05,francisca.rojas1178@gmail.com,Travel Now
85,Paula Paredes,Bogota,19-10-2027,paula.paredes85@gmail.com,Travel Now
421,Paula Lopez,Roma,2026/11/29,paula.lopez421@gmail.com,Despegar
606,Felipe Romero,Barcelona,2027/02/24,felipe.romero606@gmail.com,Kayak
1067,Camila Martinez,,2027/07/03,camila.martinez1067@gmail.com,Travel Now
1137,Juan Reyes,Rio de Janeiro,fecha_mala,juan.reyes1137@gmail.com,Despegar
1176,Jose Rojas,,2027/11/14,jose.rojas1176@gmail.com,Kayak
798,Camila Reyes,La Paz,2028-03-08,camila.reyes798@gmail.com,Despegar
79,Ana Romero,Ciudad de Mexico,04-12-2026,ana.romero79@gmail.com,Travel Now
963,Paredes,Nueva York,2027-05-11,benjamin.paredes963@gmail.com,Booking
859,Ignacio Romero,Montevideo,2028-09-01,ignacio.romero859@gmail.com,Booking
161,Felipe Araya,Paris,2028/02/25,felipe.araya161@gmail.com,Despegar
714,Ana Fernandez,La Paz,07-10-2028,ana.fernandez714@gmail.com,Kayak
609,Paula Sanchez,Berlin,04-02-2027,paula.sanchez609@gmail.com,Google Flights
919,Carlos Gomez,,2026-12-10,carlos.gomez919@gmail.com,Kayak
384,Diego Castro,Santiago,2028/07/29,diego.castro384@gmail.com,Google Flights
438,Camila Reyes,Santiago,2026-08-16,camila.reyes438@gmail.com,Despegar
796,Carlos Martinez,Montevideo,22-07-2027,carlos.martinez796@gmail.com,Kayak
1153,Diego Torres,Madrid,fecha_mala,diego.torres1153@gmail.com,Google Flights
20,Felipe Fuentes,Barcelona,2027/04/04,felipe.fuentes20@gmail.com,Despegar
563,Valentina Reyes,Bogota,2027-06-03,valentina.reyes563@gmail.com,Despegar
347,Valentina Sanchez,Quito,2026/08/01,valentina.sanchez347@gmail.com,Travel Now
210,Daniela Silva,Rio de Janeiro,2027-02-11,daniela.silva210@gmail.com,Despegar
651,Valentina Sanchez,Miami,04-09-2027,valentina.sanchez651@gmail.com,Despegar
15,Camila Romero,Quito,02-02-2027,camila.romero15@gmail.com,Booking
851,Felipe Morales,Montevideo,2028-02-25,felipe.morales851@gmail.com,Despegar
677,Sebastian Martinez,Montevideo,02-10-2028,sebastian.martinez677@gmail.com,Booking
616,Sebastian Rojas,Lima,17-10-2027,sebastian.rojas616@gmail.com,Booking
427,Fernanda Fernandez,Bogota,2028-07-18,fernanda.fernandez427@gmail.com,Google Flights
1062,Sebastian Sanchez,Lisboa,fecha_mala,sebastian.sanchez1062@gmail.com,Kayak
56,Fernanda Rojas,Montevideo,2026/12/22,fernanda.rojas56@gmail.com,Despegar
66,Jose Martinez,Santiago,2027-02-02,jose.martinez66@gmail.com,Kayak
162,Jose Romero,Miami,2027-01-10,jose.romero162@gmail.com,Despegar
1106,Matias Lopez,Montevideo,2028-04-23,,Booking
764,Sofia Morales,Madrid,2028-09-07,sofia.morales764@gmail.com,Despegar
48,Ana Morales,Miami,2028-09-19,ana.morales48@gmail.com,Despegar
545,Diego Castro,Lisboa,2028-03-21,diego.castro545@gmail.com,Google Flights
1047,Fernanda Romero,Punta Cana,fecha_mala,fernanda.romero1047@gmail.com,Google Flights
729,Felipe Reyes,Ciudad de Mexico,2026-08-08,felipe.reyes729@gmail.com,Google Flights
314,Javiera Vargas,Montevideo,23-11-2026,javiera.vargas314@gmail.com,Despegar
881,Maria Vargas,Punta Cana,01-03-2028,maria.vargas881@gmail.com,Kayak
850,Francisca Sanchez,Buenos Aires,2028/08/28,francisca.sanchez850@gmail.com,Despegar
93,Juan Romero,Punta Cana,16-10-2027,juan.romero93@gmail.com,Booking
530,Maria Reyes,La Paz,2027-08-06,maria.reyes530@gmail.com,Kayak
984,Javiera Sanchez,,2027-09-19,javiera.sanchez984@gmail.com,Google Flights
1021,Matias Martinez,Paris,fecha_mala,matias.martinez1021@gmail.com,Travel Now
636,Valentina Fernandez,Ciudad de Mexico,27-09-2026,valentina.fernandez636@gmail.com,Despegar
525,Sofia Lopez,Lima,2028/05/19,sofia.lopez525@gmail.com,Booking
410,Felipe Morales,Miami,03-07-2027,felipe.morales410@gmail.com,Booking
67,Maria Castro,Montevideo,2027-04-22,maria.castro67@gmail.com,Booking
22,Sofia Diaz,Madrid,25-01-2027,sofia.diaz22@gmail.com,Google Flights
962,Jose Herrera,,2027-12-21,jose.herrera962@gmail.com,Google Flights
990,Romero,Miami,2026-10-27,fernanda.romero990@gmail.com,Travel Now
844,Matias Romero,Santiago,2028-09-10,matias.romero844@gmail.com,Google Flights
589,Paula Vargas,Montevideo,2027-04-05,paula.vargas589@gmail.com,Travel Now
658,Ana Torres,Nueva York,2028/01/08,ana.torres658@gmail.com,Google Flights
328,Francisca Reyes,Miami,18-07-2026,francisca.reyes328@gmail.com,Google Flights
644,Catalina Romero,Miami,2026-12-06,catalina.romero644@gmail.com,Kayak
1001,Diego Paredes,,2028/04/23,diego.paredes1001@gmail.com,Kayak
166,Camila Sanchez,Santiago,2027/09/22,camila.sanchez166@gmail.com,Despegar
260,Diego Sanchez,Berlin,2027-05-11,diego.sanchez260@gmail.com,Despegar
1020,Valentina Lopez,Buenos Aires,fecha_mala,valentina.lopez1020@gmail.com,Travel Now
1017,Torres,Bogota,2028-03-06,javiera.torres1017@gmail.com,Travel Now
84,Benjamin Perez,Lima,2027/02/05,benjamin.perez84@gmail.com,Kayak
265,Camila Reyes,Berlin,26-08-2026,camila.reyes265@gmail.com,Booking
213,Javiera Fuentes,Buenos Aires,2027/07/09,javiera.fuentes213@gmail.com,Kayak
1145,Ignacio Martinez,Montevideo,2028/07/24,sin@dominio,Kayak
432,Diego Silva,La Paz,2028/02/22,diego.silva432@gmail.com,Despegar
132,Felipe Gomez,Buenos Aires,2027/07/27,felipe.gomez132@gmail.com,Booking
915,Fernanda Fuentes,Roma,2027/09/11,,Booking
946,Fernanda Sanchez,Miami,fecha_mala,fernanda.sanchez946@gmail.com,Travel Now
952,Paredes,Montevideo,2028/06/28,ignacio.paredes952@gmail.com,Travel Now
422,Matias Vargas,Berlin,2027-10-18,matias.vargas422@gmail.com,Despegar
490,Javiera Rodriguez,Bogota,2027-12-11,javiera.rodriguez490@gmail.com,Travel Now
1177,Ignacio Fernandez,Miami,fecha_mala,ignacio.fernandez1177@gmail.com,Kayak
403,Maria Fuentes,La Paz,27-03-2027,maria.fuentes403@gmail.com,Google Flights
723,Maria Castro,Ciudad de Mexico,08-12-2027,maria.castro723@gmail.com,Kayak
381,Maria Fuentes,Nueva York,2027-04-29,maria.fuentes381@gmail.com,Kayak
1189,Sofia Fernandez,,2026-07-12,sofia.fernandez1189@gmail.com,Google Flights
733,Daniela Morales,Berlin,2028-05-23,daniela.morales733@gmail.com,Booking
832,Sebastian Gomez,Punta Cana,2028/07/26,sebastian.gomez832@gmail.com,Travel Now
742,Sebastian Diaz,Bogota,2026-11-04,sebastian.diaz742@gmail.com,Google Flights
666,Javiera Silva,Berlin,2027-04-09,javiera.silva666@gmail.com,Google Flights
177,Camila Sanchez,Lima,2027/06/16,camila.sanchez177@gmail.com,Google Flights
655,Paula Morales,Paris,2027/02/18,paula.morales655@gmail.com,Kayak
910,Jose Sanchez,,27-06-2028,jose.sanchez910@gmail.com,Kayak
212,Benjamin Paredes,Nueva York,2026-06-30,benjamin.paredes212@gmail.com,Booking
929,Valentina Fuentes,,2026/05/29,valentina.fuentes929@gmail.com,Despegar
1053,Camila Castro,Barcelona,16-04-2028,correo,Kayak
1090,Javiera Vargas,Santiago,fecha_mala,javiera.vargas1090@gmail.com,Travel Now
425,Benjamin Vargas,Berlin,2026-09-03,benjamin.vargas425@gmail.com,Google Flights
1139,Sofia Silva,Ciudad de Mexico,2027-01-12,sin@dominio,Kayak
159,Javiera Gomez,Rio de Janeiro,2026-08-17,javiera.gomez159@gmail.com,Booking
936,Carlos Diaz,Madrid,20-07-2027,,Kayak
1172,Sebastian Diaz,Punta Cana,12-06-2028,malcorreo.com,Booking
709,Valentina Paredes,Rio de Janeiro,2027/04/20,valentina.paredes709@gmail.com,Booking
814,Paula Reyes,Bogota,2026-07-25,paula.reyes814@gmail.com,Travel Now
36,Juan Perez,Roma,2027/10/06,juan.perez36@gmail.com,Google Flights
809,Sofia Fuentes,Punta Cana,2026/07/10,sofia.fuentes809@gmail.com,Booking
749,Diego Rojas,Lisboa,12-03-2028,diego.rojas749@gmail.com,Despegar
201,Felipe Paredes,Barcelona,2027-08-27,felipe.paredes201@gmail.com,Travel Now
307,Paula Romero,Bogota,2026-12-26,paula.romero307@gmail.com,Google Flights
404,Paula Lopez,Roma,24-09-2028,paula.lopez404@gmail.com,Google Flights
415,Camila Morales,Bogota,2026/08/28,camila.morales415@gmail.com,Booking
1030,Fuentes,Montevideo,2026/09/12,diego.fuentes1030@gmail.com,Booking
834,Valentina Diaz,Quito,2026/11/28,valentina.diaz834@gmail.com,Travel Now
610,Catalina Rodriguez,Quito,2026/07/11,catalina.rodriguez610@gmail.com,Despegar
304,Matias Fernandez,Roma,2026/07/21,matias.fernandez304@gmail.com,Travel Now
1103,Felipe Paredes,Ciudad de Mexico,17-01-2028,,Travel Now
262,Matias Reyes,Roma,31-05-2027,matias.reyes262@gmail.com,Despegar
237,Sofia Paredes,Cancun,06-03-2027,sofia.paredes237@gmail.com,Despegar
1048,Felipe Reyes,Ciudad de Mexico,fecha_mala,felipe.reyes1048@gmail.com,Booking
869,Maria Fernandez,Berlin,2028-03-22,maria.fernandez869@gmail.com,Travel Now
284,Carlos Silva,Paris,02-07-2026,carlos.silva284@gmail.com,Travel Now
281,Matias Diaz,Montevideo,2027/01/05,matias.diaz281@gmail.com,Despegar
720,Camila Castro,Lisboa,2027/05/31,camila.castro720@gmail.com,Google Flights
124,Valentina Romero,Santiago,28-02-2027,valentina.romero124@gmail.com,Google Flights
581,Sofia Herrera,Miami,05-09-2028,sofia.herrera581@gmail.com,Google Flights
1163,Ana Martinez,,2027-11-22,ana.martinez1163@gmail.com,Kayak
830,Jose Sanchez,Lisboa,2027/05/14,jose.sanchez830@gmail.com,Google Flights
185,Valentina Gomez,Cancun,07-02-2028,valentina.gomez185@gmail.com,Travel Now
522,Daniela Martinez,Punta Cana,2027/08/12,daniela.martinez522@gmail.com,Google Flights
565,Sebastian Perez,Punta Cana,2028-01-19,sebastian.perez565@gmail.com,Travel Now
203,Francisca Lopez,Ciudad de Mexico,15-01-2027,francisca.lopez203@gmail.com,Travel Now
904,Francisca Castro,Montevideo,2026-08-14,sin@dominio,Booking
781,Valentina Paredes,Ciudad de Mexico,30-09-2028,valentina.paredes781@gmail.com,Travel Now
917,Rojas,Lisboa,2028/02/21,catalina.rojas917@gmail.com,Travel Now
862,Matias Rodriguez,Punta Cana,2027-08-11,matias.rodriguez862@gmail.com,Kayak
164,Jose Martinez,Montevideo,10-07-2027,jose.martinez164@gmail.com,Booking
352,Diego Araya,Nueva York,2027/10/26,diego.araya352@gmail.com,Despegar
21,Jose Paredes,Santiago,2028-05-09,jose.paredes21@gmail.com,Google Flights
277,Daniela Castro,Bogota,2028/08/16,daniela.castro277@gmail.com,Google Flights
236,Daniela Perez,Montevideo,2027/08/05,daniela.perez236@gmail.com,Despegar
165,Ana Perez,Cancun,2027/12/15,ana.perez165@gmail.com,Booking
1158,Perez,Santiago,2027-09-03,ignacio.perez1158@gmail.com,Despegar
485,Paula Morales,Rio de Janeiro,13-11-2026,paula.morales485@gmail.com,Booking
492,Daniela Gomez,Quito,30-04-2027,daniela.gomez492@gmail.com,Despegar
251,Ana Martinez,Bogota,2027-12-27,ana.martinez251@gmail.com,Despegar
122,Javiera Lopez,Barcelona,2026-10-17,javiera.lopez122@gmail.com,Travel Now
890,Sofia Paredes,Bogota,2028/01/04,sofia.paredes890@gmail.com,Booking
899,Ana Fuentes,Barcelona,2028/10/01,ana.fuentes899@gmail.com,Booking
1124,Gomez,Montevideo,09-06-2027,javiera.gomez1124@gmail.com,Booking
315,Juan Fernandez,Barcelona,2026-07-31,juan.fernandez315@gmail.com,Travel Now
964,Fernandez,Buenos Aires,22-09-2026,benjamin.fernandez964@gmail.com,Google Flights
1074,Araya,Madrid,2028/08/19,camila.araya1074@gmail.com,Booking
838,Maria Fernandez,Cancun,2028-10-11,maria.fernandez838@gmail.com,Google Flights
661,Diego Diaz,Buenos Aires,07-08-2028,diego.diaz661@gmail.com,Despegar
508,Francisca Sanchez,Roma,2028/03/22,francisca.sanchez508@gmail.com,Despegar
1071,Carlos Castro,,11-09-2026,carlos.castro1071@gmail.com,Despegar
1126,Lopez,Paris,2026/11/13,javiera.lopez1126@gmail.com,Booking
1133,Carlos Gomez,Cancun,fecha_mala,carlos.gomez1133@gmail.com,Google Flights
1029,Felipe Silva,Barcelona,fecha_mala,felipe.silva1029@gmail.com,Kayak
584,Maria Lopez,Quito,2027/05/16,maria.lopez584@gmail.com,Despegar
1116,Carlos Lopez,,2027/12/19,carlos.lopez1116@gmail.com,Google Flights
49,Matias Lopez,Rio de Janeiro,31-01-2028,matias.lopez49@gmail.com,Travel Now
848,Daniela Morales,Quito,29-06-2026,daniela.morales848@gmail.com,Despegar
620,Felipe Silva,Miami,09-08-2027,felipe.silva620@gmail.com,Google Flights
19,Carlos Herrera,Nueva York,2027/03/26,carlos.herrera19@gmail.com,Despegar
181,Ana Diaz,Bogota,2028-07-06,ana.diaz181@gmail.com,Google Flights
187,Diego Diaz,Buenos Aires,09-01-2027,diego.diaz187@gmail.com,Despegar
737,Ignacio Lopez,Bogota,2027/02/19,ignacio.lopez737@gmail.com,Despegar
1054,Benjamin Castro,Berlin,12-04-2028,malcorreo.com,Despegar
588,Felipe Rojas,Rio de Janeiro,09-08-2027,felipe.rojas588@gmail.com,Travel Now
158,Catalina Romero,Lima,10-08-2027,catalina.romero158@gmail.com,Travel Now
87,Valentina Martinez,Berlin,09-10-2026,valentina.martinez87@gmail.com,Booking
828,Catalina Rojas,Paris,2028-05-17,catalina.rojas828@gmail.com,Google Flights
409,Sofia Paredes,Montevideo,2027-03-15,sofia.paredes409@gmail.com,Booking
497,Maria Perez,Madrid,14-09-2026,maria.perez497@gmail.com,Kayak
879,Catalina Paredes,Ciudad de Mexico,2026-09-30,catalina.paredes879@gmail.com,Booking
1099,Araya,Cancun,29-11-2026,valentina.araya1099@gmail.com,Travel Now
108,Matias Sanchez,Miami,2027-03-06,matias.sanchez108@gmail.com,Google Flights
843,Ana Rojas,Lisboa,18-07-2026,ana.rojas843@gmail.com,Booking
635,Sofia Morales,Montevideo,2026/10/27,sofia.morales635@gmail.com,Travel Now
948,Jose Fuentes,Cancun,fecha_mala,jose.fuentes948@gmail.com,Kayak
245,Ignacio Fernandez,Bogota,2028-08-17,ignacio.fernandez245@gmail.com,Despegar
134,Ignacio Morales,Quito,2028/04/18,ignacio.morales134@gmail.com,Google Flights
192,Catalina Diaz,Berlin,29-03-2028,catalina.diaz192@gmail.com,Kayak
1150,Daniela Reyes,Montevideo,25-07-2028,sin@dominio,Travel Now
1052,Diego Castro,Cancun,fecha_mala,diego.castro1052@gmail.com,Kayak
238,Felipe Araya,Bogota,09-10-2026,felipe.araya238@gmail.com,Google Flights
763,Sebastian Diaz,Roma,07-03-2028,sebastian.diaz763@gmail.com,Google Flights
428,Camila Romero,Roma,2026-12-01,camila.romero428@gmail.com,Google Flights
1028,Silva,La Paz,10-12-2027,ignacio.silva1028@gmail.com,Kayak
668,Felipe Gomez,Paris,2026/12/19,felipe.gomez668@gmail.com,Despegar
323,Felipe Silva,Lima,2027/06/10,felipe.silva323@gmail.com,Booking
978,Matias Fuentes,Lisboa,2027/10/17,,Travel Now
30,Felipe Lopez,Santiago,2028/04/24,felipe.lopez30@gmail.com,Despegar
716,Fernanda Rodriguez,Rio de Janeiro,16-11-2027,fernanda.rodriguez716@gmail.com,Travel Now
71,Diego Vargas,Miami,2026/11/10,diego.vargas71@gmail.com,Travel Now
725,Carlos Fuentes,Cancun,2027/09/19,carlos.fuentes725@gmail.com,Kayak
1194,Juan Herrera,La Paz,fecha_mala,juan.herrera1194@gmail.com,Google Flights
104,Carlos Martinez,Lima,2027-08-23,carlos.martinez104@gmail.com,Despegar
194,Carlos Araya,Cancun,29-11-2027,carlos.araya194@gmail.com,Booking
443,Valentina Fuentes,Paris,08-05-2027,valentina.fuentes443@gmail.com,Booking
68,Ana Morales,Montevideo,2027-06-15,ana.morales68@gmail.com,Despegar
142,Catalina Rodriguez,Roma,2027/06/23,catalina.rodriguez142@gmail.com,Travel Now
320,Matias Castro,Paris,22-05-2028,matias.castro320@gmail.com,Despegar
730,Ana Paredes,Santiago,2027/03/19,ana.paredes730@gmail.com,Despegar
326,Catalina Fernandez,La Paz,30-01-2028,catalina.fernandez326@gmail.com,Google Flights
1084,Camila Silva,Bogota,31-12-2027,malcorreo.com,Booking
817,Jose Rodriguez,Bogota,12-09-2026,jose.rodriguez817@gmail.com,Kayak
136,Catalina Lopez,Paris,19-08-2026,catalina.lopez136@gmail.com,Kayak
1007,Diego Fernandez,,2027-12-12,diego.fernandez1007@gmail.com,Booking
470,Jose Vargas,Berlin,2028/07/21,jose.vargas470@gmail.com,Travel Now
335,Carlos Romero,Nueva York,31-08-2028,carlos.romero335@gmail.com,Despegar
864,Fernanda Rojas,Quito,2026-11-04,fernanda.rojas864@gmail.com,Despegar
1092,Matias Araya,Lisboa,fecha_mala,matias.araya1092@gmail.com,Travel Now
870,Camila Reyes,Santiago,2026/07/26,camila.reyes870@gmail.com,Kayak
858,Ana Sanchez,Paris,2027-07-06,ana.sanchez858@gmail.com,Booking
207,Diego Paredes,Nueva York,2027/06/25,diego.paredes207@gmail.com,Despegar
839,Francisca Fuentes,Lima,14-06-2027,francisca.fuentes839@gmail.com,Kayak
592,Catalina Castro,Rio de Janeiro,12-11-2026,catalina.castro592@gmail.com,Kayak
775,Matias Vargas,Miami,2026/07/21,matias.vargas775@gmail.com,Travel Now
1191,Daniela Silva,Rio de Janeiro,fecha_mala,daniela.silva1191@gmail.com,Despegar
433,Paula Rojas,Bogota,2027/05/12,paula.rojas433@gmail.com,Booking
688,Daniela Morales,Paris,2028/05/06,daniela.morales688@gmail.com,Travel Now
770,Valentina Fernandez,Miami,2026-10-02,valentina.fernandez770@gmail.com,Booking
969,Fernandez,Buenos Aires,2027/01/20,francisca.fernandez969@gmail.com,Booking
854,Ana Torres,Lima,29-08-2026,ana.torres854@gmail.com,Travel Now
686,Fernanda Lopez,Miami,2028/05/15,fernanda.lopez686@gmail.com,Despegar
810,Jose Fuentes,Barcelona,2027-12-03,jose.fuentes810@gmail.com,Kayak
1197,Sebastian Sanchez,Barcelona,2028/05/25,sin@dominio,Despegar
566,Sebastian Reyes,Lisboa,21-06-2027,sebastian.reyes566@gmail.com,Booking
893,Sofia Gomez,Paris,2027-06-22,sofia.gomez893@gmail.com,Booking
894,Ignacio Sanchez,Barcelona,2028-07-10,ignacio.sanchez894@gmail.com,Google Flights
198,Juan Vargas,Ciudad de Mexico,2026-12-16,juan.vargas198@gmail.com,Booking
458,Camila Gomez,Roma,2026/05/29,camila.gomez458@gmail.com,Travel Now
372,Sofia Rojas,Quito,2028/06/21,sofia.rojas372@gmail.com,Despegar
505,Fernanda Romero,Madrid,2028-03-02,fernanda.romero505@gmail.com,Google Flights
845,Sofia Perez,Berlin,2026-12-12,sofia.perez845@gmail.com,Kayak
516,Matias Gomez,Quito,2027-01-02,matias.gomez516@gmail.com,Kayak
50,Ana Fernandez,Madrid,24-07-2026,ana.fernandez50@gmail.com,Kayak
1002,Carlos Paredes,,2027-08-24,carlos.paredes1002@gmail.com,Booking
60,Daniela Rojas,Madrid,2028/09/08,daniela.rojas60@gmail.com,Travel Now
774,Francisca Martinez,Berlin,2028-04-14,francisca.martinez774@gmail.com,Travel Now
389,Juan Gomez,Paris,18-04-2027,juan.gomez389@gmail.com,Despegar
968,Javiera Silva,Montevideo,fecha_mala,javiera.silva968@gmail.com,Kayak
130,Ana Fernandez,Buenos Aires,2028-07-07,ana.fernandez130@gmail.com,Travel Now
600,Carlos Vargas,Ciudad de Mexico,2027/11/10,carlos.vargas600@gmail.com,Booking
285,Francisca Gomez,Cancun,30-09-2026,francisca.gomez285@gmail.com,Booking
925,Maria Silva,,29-03-2028,maria.silva925@gmail.com,Booking
627,Carlos Fernandez,Bogota,2028-04-03,carlos.fernandez627@gmail.com,Despegar
882,Francisca Castro,Berlin,22-04-2027,francisca.castro882@gmail.com,Despegar
866,Francisca Rodriguez,Ciudad de Mexico,2028/08/06,francisca.rodriguez866@gmail.com,Kayak
457,Ana Sanchez,Quito,2027-02-01,ana.sanchez457@gmail.com,Kayak
483,Ignacio Martinez,Rio de Janeiro,2026-05-27,ignacio.martinez483@gmail.com,Kayak
476,Ignacio Paredes,Berlin,03-07-2028,ignacio.paredes476@gmail.com,Google Flights
503,Maria Romero,Santiago,2027/10/29,maria.romero503@gmail.com,Google Flights
230,Matias Castro,Paris,2028/06/09,matias.castro230@gmail.com,Booking
1107,Perez,Bogota,2028-05-13,ignacio.perez1107@gmail.com,Booking
760,Sebastian Reyes,Barcelona,2027/12/30,sebastian.reyes760@gmail.com,Booking
501,Maria Perez,La Paz,2027-03-05,maria.perez501@gmail.com,Kayak
98,Catalina Diaz,Nueva York,2028-01-11,catalina.diaz98@gmail.com,Travel Now
339,Fernanda Gomez,Lima,29-12-2027,fernanda.gomez339@gmail.com,Booking
564,Daniela Morales,Ciudad de Mexico,04-01-2028,daniela.morales564@gmail.com,Despegar
947,Diego Lopez,Buenos Aires,fecha_mala,diego.lopez947@gmail.com,Google Flights
1114,Catalina Romero,Montevideo,2028/10/07,malcorreo.com,Kayak
261,Ana Silva,Quito,2027/06/15,ana.silva261@gmail.com,Booking
95,Carlos Lopez,Miami,12-04-2027,carlos.lopez95@gmail.com,Kayak
148,Diego Araya,Roma,24-09-2026,diego.araya148@gmail.com,Google Flights
224,Francisca Rodriguez,Montevideo,2028-03-03,francisca.rodriguez224@gmail.com,Despegar
1151,Herrera,Buenos Aires,2028/02/04,francisca.herrera1151@gmail.com,Booking
146,Matias Vargas,Lima,2028/01/06,matias.vargas146@gmail.com,Despegar
785,Ana Gomez,Buenos Aires,2028-07-10,ana.gomez785@gmail.com,Kayak
1086,Valentina Herrera,,09-04-2028,valentina.herrera1086@gmail.com,Travel Now
738,Fernanda Araya,Rio de Janeiro,2028-06-29,fernanda.araya738@gmail.com,Booking
1152,Benjamin Gomez,,08-06-2028,benjamin.gomez1152@gmail.com,Travel Now
852,Javiera Gomez,Montevideo,2026/09/04,javiera.gomez852@gmail.com,Travel Now
957,Maria Gomez,Ciudad de Mexico,17-02-2028,,Booking
568,Juan Martinez,Ciudad de Mexico,2028/05/01,juan.martinez568@gmail.com,Google Flights
231,Sebastian Vargas,Rio de Janeiro,2026-08-04,sebastian.vargas231@gmail.com,Booking
342,Javiera Sanchez,Roma,2028-04-22,javiera.sanchez342@gmail.com,Despegar
364,Valentina Rodriguez,Madrid,2028-06-08,valentina.rodriguez364@gmail.com,Booking
439,Francisca Morales,La Paz,2027-04-07,francisca.morales439@gmail.com,Kayak
923,Juan Rojas,Lima,2027-11-27,malcorreo.com,Kayak
450,Benjamin Sanchez,Barcelona,2027/04/30,benjamin.sanchez450@gmail.com,Despegar
1157,Camila Paredes,Lisboa,2026-09-22,,Google Flights
562,Juan Fernandez,Madrid,20-09-2026,juan.fernandez562@gmail.com,Despegar
395,Benjamin Perez,Nueva York,06-10-2027,benjamin.perez395@gmail.com,Despegar
186,Paula Gomez,Bogota,28-09-2028,paula.gomez186@gmail.com,Booking
1093,Matias Vargas,,2028-02-16,matias.vargas1093@gmail.com,Despegar
368,Felipe Torres,Paris,2027/10/16,felipe.torres368@gmail.com,Kayak
628,Sebastian Perez,Lisboa,2028/02/16,sebastian.perez628@gmail.com,Google Flights
75,Felipe Castro,Punta Cana,11-05-2028,felipe.castro75@gmail.com,Despegar
137,Daniela Fuentes,Ciudad de Mexico,2028-06-26,daniela.fuentes137@gmail.com,Kayak
909,Jose Herrera,La Paz,2028-07-31,,Despegar
308,Daniela Torres,Buenos Aires,17-12-2026,daniela.torres308@gmail.com,Kayak
1079,Lopez,Nueva York,2027-05-03,paula.lopez1079@gmail.com,Despegar
1016,Rodriguez,Paris,2028-01-12,jose.rodriguez1016@gmail.com,Google Flights
1185,Maria Gomez,,28-02-2028,maria.gomez1185@gmail.com,Booking
642,Sebastian Vargas,Rio de Janeiro,2028/03/21,sebastian.vargas642@gmail.com,Kayak
481,Diego Araya,Lima,2026/07/03,diego.araya481@gmail.com,Kayak
1082,Vargas,Bogota,05-08-2027,ignacio.vargas1082@gmail.com,Despegar
1095,Rojas,Cancun,2026-11-23,javiera.rojas1095@gmail.com,Travel Now
215,Diego Romero,Buenos Aires,2026-06-24,diego.romero215@gmail.com,Kayak
100,Benjamin Sanchez,Madrid,2026-09-19,benjamin.sanchez100@gmail.com,Kayak
660,Camila Silva,La Paz,01-03-2027,camila.silva660@gmail.com,Kayak
1159,Torres,Roma,2027-01-28,camila.torres1159@gmail.com,Booking
116,Ignacio Vargas,Quito,2027-11-30,ignacio.vargas116@gmail.com,Google Flights
1198,Sebastian Perez,Quito,fecha_mala,sebastian.perez1198@gmail.com,Kayak
1109,Sebastian Sanchez,Berlin,fecha_mala,sebastian.sanchez1109@gmail.com,Kayak
907,Sofia Rodriguez,Lisboa,fecha_mala,sofia.rodriguez907@gmail.com,Kayak
1179,Javiera Paredes,Roma,fecha_mala,javiera.paredes1179@gmail.com,Booking
46,Paula Herrera,Barcelona,2028-04-08,paula.herrera46@gmail.com,Despegar
208,Benjamin Perez,Quito,2026-11-16,benjamin.perez208@gmail.com,Booking
1009,Sanchez,Punta Cana,2028/07/12,daniela.sanchez1009@gmail.com,Google Flights
149,Daniela Torres,Montevideo,2028-01-05,daniela.torres149@gmail.com,Despegar
1035,Sofia Sanchez,Cancun,fecha_mala,sofia.sanchez1035@gmail.com,Booking
38,Sebastian Diaz,Roma,2028/06/22,sebastian.diaz38@gmail.com,Despegar
955,Camila Torres,Rio de Janeiro,fecha_mala,camila.torres955@gmail.com,Kayak
115,Diego Rodriguez,Montevideo,2028-05-18,diego.rodriguez115@gmail.com,Kayak
6,Ana Diaz,Montevideo,2027-08-15,ana.diaz6@gmail.com,Travel Now
255,Felipe Perez,Bogota,2027-03-10,felipe.perez255@gmail.com,Travel Now
986,Daniela Herrera,Buenos Aires,fecha_mala,daniela.herrera986@gmail.com,Despegar
239,Francisca Gomez,Bogota,2028/01/14,francisca.gomez239@gmail.com,Google Flights
1072,Daniela Lopez,Rio de Janeiro,2028-09-19,sin@dominio,Kayak
222,Ana Araya,Madrid,2028-06-14,ana.araya222@gmail.com,Despegar
81,Matias Romero,Quito,28-02-2028,matias.romero81@gmail.com,Google Flights
804,Juan Martinez,Buenos Aires,17-05-2028,juan.martinez804@gmail.com,Travel Now
69,Diego Vargas,Punta Cana,12-02-2027,diego.vargas69@gmail.com,Kayak
803,Sebastian Morales,Quito,13-09-2027,sebastian.morales803@gmail.com,Travel Now
753,Benjamin Martinez,Santiago,2028/03/22,benjamin.martinez753@gmail.com,Booking
1012,Valentina Silva,,2027-04-16,valentina.silva1012@gmail.com,Booking
1142,Torres,Quito,2026-07-14,jose.torres1142@gmail.com,Travel Now
105,Jose Sanchez,Quito,08-08-2028,jose.sanchez105@gmail.com,Despegar
206,Daniela Fernandez,Buenos Aires,2026/09/28,daniela.fernandez206@gmail.com,Despegar
1100,Daniela Rojas,Barcelona,fecha_mala,daniela.rojas1100@gmail.com,Google Flights
1023,Daniela Reyes,,2026/07/08,daniela.reyes1023@gmail.com,Kayak
835,Jose Sanchez,Berlin,2026/09/01,jose.sanchez835@gmail.com,Booking
1087,Ignacio Lopez,Montevideo,fecha_mala,ignacio.lopez1087@gmail.com,Kayak
806,Benjamin Araya,Buenos Aires,2026-09-15,benjamin.araya806@gmail.com,Despegar
1065,Fuentes,Nueva York,2027/11/24,camila.fuentes1065@gmail.com,Kayak
1068,Paula Herrera,La Paz,2027-01-25,,Google Flights
468,Ana Castro,Ciudad de Mexico,2027-07-25,ana.castro468@gmail.com,Booking
63,Daniela Castro,Madrid,2027/07/23,daniela.castro63@gmail.com,Kayak
1006,Javiera Rojas,Quito,2028/01/03,sin@dominio,Booking
1115,Fernanda Gomez,,23-09-2027,fernanda.gomez1115@gmail.com,Kayak
761,Ana Rodriguez,Berlin,24-02-2028,ana.rodriguez761@gmail.com,Despegar
472,Juan Reyes,Madrid,08-01-2028,juan.reyes472@gmail.com,Despegar
958,Benjamin Vargas,Cancun,fecha_mala,benjamin.vargas958@gmail.com,Booking
513,Diego Rodriguez,Nueva York,2027-03-02,diego.rodriguez513@gmail.com,Booking
719,Felipe Reyes,Rio de Janeiro,27-03-2028,felipe.reyes719@gmail.com,Kayak
52,Javiera Herrera,Nueva York,19-10-2027,javiera.herrera52@gmail.com,Google Flights
949,Sofia Diaz,Paris,07-02-2027,,Despegar
713,Sebastian Diaz,Punta Cana,2026/11/01,sebastian.diaz713@gmail.com,Booking
101,Jose Morales,Lima,2028/07/06,jose.morales101@gmail.com,Google Flights
459,Benjamin Romero,Punta Cana,2028-03-14,benjamin.romero459@gmail.com,Booking
171,Camila Fuentes,Ciudad de Mexico,2026/11/17,camila.fuentes171@gmail.com,Despegar
747,Ignacio Fernandez,Santiago,2027-10-15,ignacio.fernandez747@gmail.com,Kayak
386,Daniela Diaz,Paris,2028/09/12,daniela.diaz386@gmail.com,Booking
892,Matias Perez,Santiago,2028-03-14,matias.perez892@gmail.com,Booking
89,Matias Paredes,Montevideo,2028-07-14,matias.paredes89@gmail.com,Google Flights
214,Daniela Rodriguez,Bogota,18-05-2028,daniela.rodriguez214@gmail.com,Kayak
517,Catalina Fernandez,Quito,2026-11-13,catalina.fernandez517@gmail.com,Travel Now
994,Catalina Morales,Rio de Janeiro,2028-01-30,malcorreo.com,Kayak
815,Matias Fernandez,Ciudad de Mexico,2028-01-26,matias.fernandez815@gmail.com,Booking
526,Camila Vargas,La Paz,24-09-2027,camila.vargas526@gmail.com,Google Flights
268,Camila Vargas,Punta Cana,2027/05/08,camila.vargas268@gmail.com,Booking
745,Sebastian Fuentes,Cancun,2028-06-08,sebastian.fuentes745@gmail.com,Booking
673,Daniela Castro,Rio de Janeiro,2027/07/23,daniela.castro673@gmail.com,Booking
473,Ana Silva,Buenos Aires,2026-07-12,ana.silva473@gmail.com,Despegar
524,Catalina Fuentes,Punta Cana,19-06-2028,catalina.fuentes524@gmail.com,Kayak
366,Sebastian Gomez,Miami,2027/06/02,sebastian.gomez366@gmail.com,Travel Now
150,Camila Lopez,Roma,10-03-2027,camila.lopez150@gmail.com,Kayak
698,Valentina Martinez,Berlin,2026/11/27,valentina.martinez698@gmail.com,Despegar
551,Matias Fernandez,Punta Cana,2027/05/23,matias.fernandez551@gmail.com,Google Flights
305,Felipe Diaz,Lisboa,2027/05/19,felipe.diaz305@gmail.com,Travel Now
1186,Javiera Herrera,Miami,fecha_mala,javiera.herrera1186@gmail.com,Kayak
664,Daniela Silva,Rio de Janeiro,2027-03-24,daniela.silva664@gmail.com,Despegar
58,Sofia Diaz,Roma,2028/05/24,sofia.diaz58@gmail.com,Kayak
117,Fernanda Vargas,Quito,04-06-2026,fernanda.vargas117@gmail.com,Travel Now
29,Maria Fernandez,Barcelona,2026-07-09,maria.fernandez29@gmail.com,Booking
413,Felipe Araya,Nueva York,2026/08/15,felipe.araya413@gmail.com,Travel Now
928,Carlos Diaz,Madrid,fecha_mala,carlos.diaz928@gmail.com,Kayak
216,Fernanda Reyes,Rio de Janeiro,2028-08-29,fernanda.reyes216@gmail.com,Kayak
1155,Reyes,Quito,2028/08/09,ignacio.reyes1155@gmail.com,Travel Now
1,Diego Paredes,Berlin,2027-10-25,diego.paredes1@gmail.com,Travel Now
1196,Rojas,Berlin,2027/01/08,benjamin.rojas1196@gmail.com,Travel Now
1134,Vargas,Lisboa,2028-05-11,camila.vargas1134@gmail.com,Despegar
901,Paula Gomez,Berlin,2027-09-13,,Google Flights
184,Paula Torres,La Paz,01-12-2026,paula.torres184@gmail.com,Booking
667,Francisca Romero,Lisboa,2027/11/28,francisca.romero667@gmail.com,Booking
332,Daniela Rojas,Madrid,2027-05-28,daniela.rojas332@gmail.com,Travel Now
110,Jose Paredes,Montevideo,2028/08/10,jose.paredes110@gmail.com,Google Flights
180,Javiera Paredes,Buenos Aires,15-08-2027,javiera.paredes180@gmail.com,Booking
1161,Paula Gomez,,2027-03-19,paula.gomez1161@gmail.com,Travel Now
378,Matias Rodriguez,Nueva York,2028/03/21,matias.rodriguez378@gmail.com,Despegar
112,Benjamin Silva,Nueva York,2028/08/02,benjamin.silva112@gmail.com,Booking
1088,Vargas,Nueva York,27-10-2026,paula.vargas1088@gmail.com,Despegar
1169,Javiera Morales,Berlin,12-09-2026,correo,Google Flights
445,Ignacio Castro,Cancun,2026/09/22,ignacio.castro445@gmail.com,Despegar
266,Carlos Herrera,Montevideo,2028/03/01,carlos.herrera266@gmail.com,Kayak
25,Camila Reyes,Rio de Janeiro,2027/01/10,camila.reyes25@gmail.com,Travel Now
614,Jose Gomez,Miami,2027-04-29,jose.gomez614@gmail.com,Travel Now
92,Maria Martinez,La Paz,08-07-2027,maria.martinez92@gmail.com,Google Flights
696,Juan Rodriguez,Cancun,2028/05/19,juan.rodriguez696@gmail.com,Booking
1147,Martinez,Cancun,2028-08-08,matias.martinez1147@gmail.com,Booking
694,Valentina Diaz,Nueva York,19-10-2027,valentina.diaz694@gmail.com,Google Flights
1192,Sebastian Castro,,16-07-2027,sebastian.castro1192@gmail.com,Despegar
541,Jose Gomez,Nueva York,2027/01/18,jose.gomez541@gmail.com,Booking
972,Juan Martinez,Punta Cana,2026-05-30,,Booking
1102,Benjamin Gomez,,22-09-2027,benjamin.gomez1102@gmail.com,Kayak
297,Fernanda Castro,Santiago,2028/02/17,fernanda.castro297@gmail.com,Google Flights
999,Rodriguez,Montevideo,2027-02-15,maria.rodriguez999@gmail.com,Google Flights
598,Catalina Fuentes,Buenos Aires,2027-12-07,catalina.fuentes598@gmail.com,Despegar
634,Camila Reyes,Roma,11-10-2028,camila.reyes634@gmail.com,Despegar
580,Sofia Lopez,Lima,2027/05/27,sofia.lopez580@gmail.com,Despegar
741,Javiera Castro,La Paz,2026-07-10,javiera.castro741@gmail.com,Booking
1094,Carlos Castro,,2028-08-21,carlos.castro1094@gmail.com,Despegar
783,Matias Martinez,Lima,2026-12-31,matias.martinez783@gmail.com,Travel Now
615,Ana Vargas,Madrid,2026-07-04,ana.vargas615@gmail.com,Despegar
1011,Sofia Vargas,,2026-09-13,sofia.vargas1011@gmail.com,Despegar
147,Fernanda Fernandez,Barcelona,20-12-2027,fernanda.fernandez147@gmail.com,Travel Now
1108,Juan Perez,Quito,2028-02-13,,Kayak
596,Camila Fuentes,La Paz,2027/09/23,camila.fuentes596@gmail.com,Despegar
506,Francisca Torres,Barcelona,2027/04/18,francisca.torres506@gmail.com,Booking
431,Valentina Martinez,Santiago,2028-09-16,valentina.martinez431@gmail.com,Travel Now
940,Paredes,Miami,29-05-2027,daniela.paredes940@gmail.com,Travel Now
623,Jose Martinez,Paris,08-07-2027,jose.martinez623@gmail.com,Travel Now
710,Carlos Perez,Santiago,05-03-2027,carlos.perez710@gmail.com,Despegar
14,Sebastian Paredes,Barcelona,2027/01/17,sebastian.paredes14@gmail.com,Despegar
671,Sofia Perez,Nueva York,07-02-2027,sofia.perez671@gmail.com,Despegar
169,Matias Diaz,Punta Cana,2026-06-21,matias.diaz169@gmail.com,Booking
267,Daniela Perez,Madrid,21-03-2028,daniela.perez267@gmail.com,Google Flights
951,Felipe Vargas,Punta Cana,fecha_mala,felipe.vargas951@gmail.com,Travel Now
309,Francisca Morales,Lima,2026-10-20,francisca.morales309@gmail.com,Google Flights
511,Jose Lopez,Cancun,2026/07/05,jose.lopez511@gmail.com,Google Flights
829,Jose Morales,Madrid,2026-08-30,jose.morales829@gmail.com,Kayak
996,Paula Romero,Santiago,2027-11-28,correo,Kayak
715,Diego Fernandez,Nueva York,2027-03-23,diego.fernandez715@gmail.com,Kayak
234,Francisca Reyes,Cancun,22-02-2027,francisca.reyes234@gmail.com,Despegar
675,Valentina Perez,Bogota,2028/09/03,valentina.perez675@gmail.com,Booking
365,Ignacio Fuentes,Punta Cana,2028/08/28,ignacio.fuentes365@gmail.com,Despegar
13,Sofia Herrera,Berlin,20-12-2026,sofia.herrera13@gmail.com,Google Flights
706,Sofia Gomez,La Paz,26-07-2028,sofia.gomez706@gmail.com,Google Flights
682,Fernanda Rojas,Barcelona,2027/11/06,fernanda.rojas682@gmail.com,Travel Now
1081,Daniela Perez,Roma,2027/03/12,sin@dominio,Booking
590,Camila Paredes,Madrid,2027/08/29,camila.paredes590@gmail.com,Booking
1174,Torres,Paris,22-03-2028,fernanda.torres1174@gmail.com,Despegar
1140,Javiera Araya,,13-07-2026,javiera.araya1140@gmail.com,Booking
703,Jose Torres,Nueva York,15-04-2028,jose.torres703@gmail.com,Kayak
787,Sofia Sanchez,Miami,22-07-2028,sofia.sanchez787@gmail.com,Google Flights
35,Sebastian Fuentes,Punta Cana,2026-06-07,sebastian.fuentes35@gmail.com,Travel Now
451,Javiera Silva,Madrid,2026/10/07,javiera.silva451@gmail.com,Despegar
927,Benjamin Araya,Montevideo,2028-08-28,sin@dominio,Travel Now
274,Fernanda Herrera,Ciudad de Mexico,2026-06-11,fernanda.herrera274@gmail.com,Booking
121,Francisca Lopez,Roma,2027-06-20,francisca.lopez121@gmail.com,Google Flights
931,Valentina Rodriguez,Paris,2026-11-26,,Travel Now
577,Camila Martinez,Cancun,09-10-2027,camila.martinez577@gmail.com,Kayak
346,Fernanda Reyes,Bogota,18-06-2028,fernanda.reyes346@gmail.com,Despegar
133,Maria Romero,Rio de Janeiro,19-12-2026,maria.romero133@gmail.com,Google Flights
578,Sofia Rojas,Cancun,03-09-2027,sofia.rojas578@gmail.com,Google Flights
1078,Ana Sanchez,La Paz,27-11-2027,malcorreo.com,Kayak
218,Diego Araya,Barcelona,15-02-2027,diego.araya218@gmail.com,Travel Now
841,Matias Sanchez,Montevideo,2027/01/19,matias.sanchez841@gmail.com,Travel Now
1049,Ana Rojas,,2027/03/01,ana.rojas1049@gmail.com,Travel Now
396,Ana Torres,Buenos Aires,2028-03-13,ana.torres396@gmail.com,Kayak
175,Camila Vargas,Barcelona,15-05-2027,camila.vargas175@gmail.com,Kayak
975,Gomez,Rio de Janeiro,2026-12-20,benjamin.gomez975@gmail.com,Kayak
1175,Gomez,Buenos Aires,17-07-2027,sofia.gomez1175@gmail.com,Travel Now
452,Valentina Herrera,Quito,2027-04-29,valentina.herrera452@gmail.com,Booking
426,Camila Morales,Berlin,2026-09-23,camila.morales426@gmail.com,Kayak
1120,Sebastian Fuentes,,2026/09/28,sebastian.fuentes1120@gmail.com,Google Flights
362,Catalina Gomez,Cancun,2027-01-02,catalina.gomez362@gmail.com,Travel Now
228,Carlos Martinez,Berlin,2026/11/01,carlos.martinez228@gmail.com,Despegar
648,Felipe Torres,Ciudad de Mexico,18-05-2028,felipe.torres648@gmail.com,Despegar
232,Paula Fernandez,Madrid,2027/05/27,paula.fernandez232@gmail.com,Travel Now
813,Carlos Romero,Buenos Aires,2028/08/08,carlos.romero813@gmail.com,Booking
143,Paula Rojas,Nueva York,04-12-2026,paula.rojas143@gmail.com,Booking
393,Camila Torres,Lima,10-05-2027,camila.torres393@gmail.com,Booking
591,Camila Perez,Buenos Aires,2026-07-29,camila.perez591@gmail.com,Google Flights
507,Daniela Rojas,Bogota,2026-08-28,daniela.rojas507@gmail.com,Despegar
1184,Araya,Santiago,20-02-2027,ana.araya1184@gmail.com,Kayak
759,Francisca Rodriguez,Madrid,2027/04/18,francisca.rodriguez759@gmail.com,Booking
1117,Ana Araya,,2028/08/08,ana.araya1117@gmail.com,Travel Now
139,Felipe Paredes,Lisboa,2027/08/09,felipe.paredes139@gmail.com,Kayak
61,Valentina Fuentes,Barcelona,2027/07/20,valentina.fuentes61@gmail.com,Despegar
1149,Paula Rojas,Madrid,fecha_mala,paula.rojas1149@gmail.com,Google Flights
913,Ana Diaz,,2026-10-26,ana.diaz913@gmail.com,Google Flights
310,Fernanda Silva,Madrid,2028/04/04,fernanda.silva310@gmail.com,Google Flights
319,Felipe Torres,La Paz,2026/07/06,felipe.torres319@gmail.com,Kayak
956,Camila Vargas,,2026-06-06,camila.vargas956@gmail.com,Google Flights
39,Camila Diaz,Buenos Aires,07-11-2026,camila.diaz39@gmail.com,Kayak
195,Jose Perez,Nueva York,2027/11/28,jose.perez195@gmail.com,Kayak
127,Fernanda Rojas,Miami,30-04-2028,fernanda.rojas127@gmail.com,Despegar
295,Felipe Herrera,Ciudad de Mexico,30-03-2028,felipe.herrera295@gmail.com,Despegar
911,Juan Araya,Santiago,fecha_mala,juan.araya911@gmail.com,Booking
88,Benjamin Morales,Montevideo,23-09-2028,benjamin.morales88@gmail.com,Travel Now
402,Diego Perez,La Paz,2028-04-13,diego.perez402@gmail.com,Travel Now
1193,Rojas,Punta Cana,2027/04/12,maria.rojas1193@gmail.com,Google Flights
744,Carlos Sanchez,Bogota,2027-07-07,carlos.sanchez744@gmail.com,Travel Now
633,Fernanda Torres,Barcelona,15-09-2026,fernanda.torres633@gmail.com,Google Flights
983,Vargas,Quito,17-07-2028,francisca.vargas983@gmail.com,Despegar
337,Ignacio Perez,Montevideo,2028-09-22,ignacio.perez337@gmail.com,Kayak
771,Fernanda Castro,Lima,2027-02-21,fernanda.castro771@gmail.com,Booking
1164,Carlos Sanchez,Barcelona,2026/08/12,,Despegar
874,Catalina Vargas,Montevideo,05-06-2028,catalina.vargas874@gmail.com,Google Flights
762,Catalina Castro,Quito,12-08-2026,catalina.castro762@gmail.com,Despegar
988,Javiera Rojas,,2027/02/06,javiera.rojas988@gmail.com,Google Flights
357,Catalina Torres,Cancun,2028/02/24,catalina.torres357@gmail.com,Travel Now
693,Felipe Torres,Madrid,2028/10/03,felipe.torres693@gmail.com,Booking
240,Diego Castro,Roma,2027-04-15,diego.castro240@gmail.com,Travel Now
840,Jose Perez,Ciudad de Mexico,25-11-2026,jose.perez840@gmail.com,Kayak
1060,Silva,Nueva York,2026-12-05,javiera.silva1060@gmail.com,Google Flights
1129,Maria Reyes,,17-01-2027,maria.reyes1129@gmail.com,Google Flights
681,Valentina Perez,Bogota,14-06-2028,valentina.perez681@gmail.com,Google Flights
91,Fernanda Gomez,Santiago,11-01-2027,fernanda.gomez91@gmail.com,Kayak
857,Diego Rodriguez,Quito,2027/07/17,diego.rodriguez857@gmail.com,Kayak
460,Fernanda Morales,Cancun,2026-11-22,fernanda.morales460@gmail.com,Google Flights
7,Benjamin Fernandez,Ciudad de Mexico,2027/07/05,benjamin.fernandez7@gmail.com,Travel Now
816,Sebastian Fuentes,Buenos Aires,2026/11/01,sebastian.fuentes816@gmail.com,Despegar
1064,Jose Torres,Lima,2027/12/30,correo,Travel Now
630,Ignacio Rojas,Rio de Janeiro,01-07-2027,ignacio.rojas630@gmail.com,Google Flights
1015,Sebastian Herrera,Madrid,fecha_mala,sebastian.herrera1015@gmail.com,Booking
982,Jose Morales,Roma,fecha_mala,jose.morales982@gmail.com,Booking
1180,Gomez,Berlin,13-08-2026,diego.gomez1180@gmail.com,Google Flights
317,Ignacio Reyes,Punta Cana,2028-06-30,ignacio.reyes317@gmail.com,Despegar
414,Fernanda Romero,Santiago,2027-02-16,fernanda.romero414@gmail.com,Kayak
1154,Francisca Sanchez,Miami,fecha_mala,francisca.sanchez1154@gmail.com,Travel Now
253,Sebastian Silva,Lima,2026/08/09,sebastian.silva253@gmail.com,Travel Now
640,Javiera Araya,Lisboa,2027-10-04,javiera.araya640@gmail.com,Kayak
249,Diego Martinez,Montevideo,2027-05-21,diego.martinez249@gmail.com,Despegar
1008,Sanchez,Roma,2026-11-13,sebastian.sanchez1008@gmail.com,Kayak
939,Sofia Araya,Bogota,fecha_mala,sofia.araya939@gmail.com,Booking
191,Fernanda Reyes,Rio de Janeiro,2027/03/12,fernanda.reyes191@gmail.com,Kayak
135,Paula Reyes,Cancun,17-10-2026,paula.reyes135@gmail.com,Booking
411,Felipe Diaz,Santiago,2028/05/02,felipe.diaz411@gmail.com,Kayak
574,Fernanda Lopez,Lima,27-12-2027,fernanda.lopez574@gmail.com,Despegar
1091,Francisca Reyes,Quito,2027-08-19,sin@dominio,Google Flights
1043,Matias Fernandez,,2026/10/22,matias.fernandez1043@gmail.com,Kayak
778,Catalina Morales,Ciudad de Mexico,2026/12/15,catalina.morales778@gmail.com,Despegar
739,Ana Sanchez,Lisboa,15-05-2028,ana.sanchez739@gmail.com,Google Flights
933,Rodriguez,Berlin,2027/12/26,benjamin.rodriguez933@gmail.com,Google Flights
377,Javiera Diaz,Miami,2028-06-05,javiera.diaz377@gmail.com,Despegar
1160,Diaz,Lima,2026-10-20,jose.diaz1160@gmail.com,Travel Now
356,Fernanda Fuentes,La Paz,2027/12/26,fernanda.fuentes356@gmail.com,Despegar
582,Valentina Diaz,Madrid,24-03-2028,valentina.diaz582@gmail.com,Google Flights
156,Felipe Morales,Santiago,18-05-2028,felipe.morales156@gmail.com,Despegar
571,Maria Gomez,La Paz,2026/08/31,maria.gomez571@gmail.com,Travel Now
823,Maria Sanchez,Roma,27-04-2027,maria.sanchez823@gmail.com,Travel Now
611,Diego Silva,Punta Cana,2027/07/03,diego.silva611@gmail.com,Travel Now
1044,Camila Paredes,,2027/04/29,camila.paredes1044@gmail.com,Travel Now
264,Maria Reyes,Nueva York,2028/08/03,maria.reyes264@gmail.com,Travel Now
613,Juan Reyes,Madrid,2028/02/16,juan.reyes613@gmail.com,Booking
9,Javiera Castro,Cancun,2027/01/05,javiera.castro9@gmail.com,Google Flights
76,Sebastian Fuentes,Bogota,18-04-2027,sebastian.fuentes76@gmail.com,Booking
330,Jose Perez,Roma,2026/06/01,jose.perez330@gmail.com,Google Flights
399,Daniela Gomez,Lisboa,2028-07-17,daniela.gomez399@gmail.com,Google Flights
205,Valentina Vargas,Madrid,28-02-2027,valentina.vargas205@gmail.com,Kayak
200,Javiera Reyes,Rio de Janeiro,2026-09-24,javiera.reyes200@gmail.com,Booking
1004,Vargas,Roma,01-04-2028,ana.vargas1004@gmail.com,Booking
718,Catalina Silva,Punta Cana,2027-08-10,catalina.silva718@gmail.com,Booking
144,Francisca Diaz,Madrid,2028-07-27,francisca.diaz144@gmail.com,Despegar
1026,Felipe Fuentes,Santiago,02-06-2026,malcorreo.com,Booking
204,Francisca Fernandez,Berlin,2027-11-11,francisca.fernandez204@gmail.com,Despegar
219,Jose Castro,Cancun,2026/10/28,jose.castro219@gmail.com,Travel Now
283,Catalina Sanchez,Paris,2027-05-15,catalina.sanchez283@gmail.com,Despegar
750,Paula Diaz,Cancun,26-03-2027,paula.diaz750@gmail.com,Kayak
665,Felipe Castro,Paris,06-11-2027,felipe.castro665@gmail.com,Kayak
18,Juan Rodriguez,Cancun,11-08-2026,juan.rodriguez18@gmail.com,Google Flights
269,Camila Torres,La Paz,2027-05-09,camila.torres269@gmail.com,Google Flights
684,Paula Gomez,Punta Cana,10-02-2028,paula.gomez684@gmail.com,Despegar
26,Fernanda Torres,Roma,2028/08/09,fernanda.torres26@gmail.com,Despegar
1182,Rojas,Madrid,2028-03-06,jose.rojas1182@gmail.com,Booking
639,Felipe Rodriguez,Buenos Aires,2027-08-27,felipe.rodriguez639@gmail.com,Google Flights
272,Diego Fuentes,Barcelona,2028/08/06,diego.fuentes272@gmail.com,Booking
831,Benjamin Araya,Cancun,23-10-2027,benjamin.araya831@gmail.com,Booking
2,Sofia Araya,Quito,15-01-2028,sofia.araya2@gmail.com,Google Flights
417,Felipe Gomez,Cancun,2026/05/28,felipe.gomez417@gmail.com,Despegar
552,Fernanda Silva,La Paz,2027/03/05,fernanda.silva552@gmail.com,Despegar
756,Daniela Sanchez,Punta Cana,2027/11/17,daniela.sanchez756@gmail.com,Despegar
822,Camila Fernandez,Roma,11-03-2027,camila.fernandez822@gmail.com,Travel Now
624,Paula Lopez,Lima,15-03-2027,paula.lopez624@gmail.com,Despegar
970,Francisca Rojas,,28-06-2027,francisca.rojas970@gmail.com,Despegar
612,Diego Araya,Miami,08-03-2027,diego.araya612@gmail.com,Booking
33,Jose Paredes,Madrid,2027-07-29,jose.paredes33@gmail.com,Booking
961,Maria Araya,Cancun,fecha_mala,maria.araya961@gmail.com,Despegar
861,Matias Morales,Paris,07-01-2027,matias.morales861@gmail.com,Kayak
791,Sebastian Silva,Nueva York,2027/12/05,sebastian.silva791@gmail.com,Kayak
375,Ana Vargas,Lisboa,05-07-2028,ana.vargas375@gmail.com,Booking
515,Francisca Diaz,Miami,2027-01-14,francisca.diaz515@gmail.com,Booking
351,Valentina Fuentes,Berlin,04-03-2027,valentina.fuentes351@gmail.com,Google Flights
826,Paula Reyes,Ciudad de Mexico,20-02-2028,paula.reyes826@gmail.com,Google Flights
617,Daniela Araya,Rio de Janeiro,19-02-2028,daniela.araya617@gmail.com,Travel Now
683,Maria Diaz,Lisboa,2026-06-27,maria.diaz683@gmail.com,Google Flights
126,Fernanda Perez,Nueva York,2027-07-10,fernanda.perez126@gmail.com,Kayak
836,Camila Rojas,Rio de Janeiro,2027-10-22,camila.rojas836@gmail.com,Despegar
860,Carlos Sanchez,Roma,2027/12/07,carlos.sanchez860@gmail.com,Booking
926,Paula Torres,Bogota,2027-01-18,correo,Booking
504,Sebastian Romero,Santiago,2028/07/11,sebastian.romero504@gmail.com,Travel Now
605,Ana Reyes,Lisboa,13-03-2027,ana.reyes605@gmail.com,Booking
226,Diego Romero,Paris,2027/04/21,diego.romero226@gmail.com,Travel Now
641,Paula Fernandez,Lima,2027/10/24,paula.fernandez641@gmail.com,Google Flights
846,Jose Diaz,Rio de Janeiro,2028/02/28,jose.diaz846@gmail.com,Travel Now
327,Camila Reyes,Berlin,2027/08/18,camila.reyes327@gmail.com,Despegar
248,Ana Reyes,Quito,14-02-2027,ana.reyes248@gmail.com,Google Flights
345,Ignacio Gomez,Barcelona,2026/11/30,ignacio.gomez345@gmail.com,Kayak
767,Ignacio Rodriguez,Miami,04-12-2027,ignacio.rodriguez767@gmail.com,Google Flights
1003,Diaz,Paris,2027/03/31,ana.diaz1003@gmail.com,Booking
293,Ignacio Paredes,Berlin,26-06-2026,ignacio.paredes293@gmail.com,Travel Now
558,Catalina Castro,Punta Cana,20-09-2026,catalina.castro558@gmail.com,Despegar
334,Juan Fuentes,Bogota,2026/06/12,juan.fuentes334@gmail.com,Google Flights
471,Francisca Romero,Berlin,2027-03-10,francisca.romero471@gmail.com,Kayak
423,Camila Vargas,Quito,09-06-2026,camila.vargas423@gmail.com,Kayak
662,Maria Romero,Barcelona,2026/06/06,maria.romero662@gmail.com,Google Flights
626,Matias Castro,Santiago,15-06-2026,matias.castro626@gmail.com,Booking
887,Sebastian Fernandez,Rio de Janeiro,2027-12-31,sebastian.fernandez887@gmail.com,Travel Now
1128,Castro,Quito,2028/03/08,benjamin.castro1128@gmail.com,Travel Now
807,Sebastian Paredes,Barcelona,30-05-2028,sebastian.paredes807@gmail.com,Despegar
292,Francisca Romero,Rio de Janeiro,2028-05-01,francisca.romero292@gmail.com,Travel Now
837,Paula Perez,Barcelona,2026-11-03,paula.perez837@gmail.com,Despegar
536,Ignacio Gomez,Santiago,26-10-2027,ignacio.gomez536@gmail.com,Google Flights
173,Javiera Torres,La Paz,2027/11/01,javiera.torres173@gmail.com,Travel Now
529,Sebastian Rojas,Bogota,11-03-2028,sebastian.rojas529@gmail.com,Travel Now
960,Francisca Rodriguez,Buenos Aires,2028-03-14,,Booking
64,Jose Morales,Nueva York,09-10-2027,jose.morales64@gmail.com,Despegar
587,Juan Fernandez,Cancun,2027/12/17,juan.fernandez587@gmail.com,Google Flights
619,Fernanda Rojas,Nueva York,12-03-2027,fernanda.rojas619@gmail.com,Despegar
821,Ana Diaz,Barcelona,21-01-2028,ana.diaz821@gmail.com,Booking
1070,Ignacio Rojas,,2027-07-05,ignacio.rojas1070@gmail.com,Booking
480,Camila Reyes,Quito,2026/11/04,camila.reyes480@gmail.com,Despegar
107,Matias Perez,Nueva York,2028/07/18,matias.perez107@gmail.com,Booking
106,Diego Rojas,Buenos Aires,2026-10-02,diego.rojas106@gmail.com,Booking
819,Daniela Sanchez,Santiago,22-05-2027,daniela.sanchez819@gmail.com,Travel Now
157,Jose Gomez,Lima,2028-03-31,jose.gomez157@gmail.com,Google Flights
1058,Rojas,Barcelona,2028/07/11,ignacio.rojas1058@gmail.com,Google Flights
790,Paula Silva,Bogota,2028/09/16,paula.silva790@gmail.com,Google Flights
712,Jose Castro,Montevideo,22-09-2028,jose.castro712@gmail.com,Google Flights
391,Fernanda Diaz,Ciudad de Mexico,2026-12-22,fernanda.diaz391@gmail.com,Google Flights
466,Carlos Herrera,Bogota,30-12-2026,carlos.herrera466@gmail.com,Travel Now
979,Ana Diaz,,2026/10/03,ana.diaz979@gmail.com,Booking
570,Catalina Silva,Berlin,2026-10-06,catalina.silva570@gmail.com,Kayak
625,Camila Perez,Ciudad de Mexico,04-12-2026,camila.perez625@gmail.com,Kayak
325,Daniela Martinez,Quito,2026-07-16,daniela.martinez325@gmail.com,Despegar
985,Diego Diaz,,2028-06-09,diego.diaz985@gmail.com,Kayak
1105,Francisca Perez,,2028/04/11,francisca.perez1105@gmail.com,Kayak
44,Valentina Silva,Madrid,2027/05/17,valentina.silva44@gmail.com,Google Flights
886,Juan Perez,Lisboa,2026-10-11,juan.perez886@gmail.com,Google Flights
361,Francisca Torres,La Paz,01-05-2027,francisca.torres361@gmail.com,Google Flights
312,Juan Vargas,Barcelona,2027-10-25,juan.vargas312@gmail.com,Google Flights
57,Catalina Vargas,Paris,2027/01/16,catalina.vargas57@gmail.com,Google Flights
735,Ana Lopez,Lima,23-05-2027,ana.lopez735@gmail.com,Booking
383,Maria Gomez,Quito,26-05-2027,maria.gomez383@gmail.com,Google Flights
355,Benjamin Reyes,Ciudad de Mexico,2026-10-30,benjamin.reyes355@gmail.com,Google Flights
113,Catalina Torres,Punta Cana,2027/09/28,catalina.torres113@gmail.com,Kayak
595,Camila Torres,Barcelona,2027-12-16,camila.torres595@gmail.com,Travel Now
637,Juan Herrera,Montevideo,2028/07/10,juan.herrera637@gmail.com,Travel Now
553,Benjamin Perez,Madrid,2028-10-06,benjamin.perez553@gmail.com,Despegar
371,Catalina Gomez,Rio de Janeiro,23-10-2026,catalina.gomez371@gmail.com,Booking
1027,Sofia Reyes,La Paz,23-07-2026,,Travel Now
1195,Rojas,Cancun,09-02-2027,ignacio.rojas1195@gmail.com,Kayak
555,Felipe Paredes,Lisboa,01-04-2027,felipe.paredes555@gmail.com,Google Flights
544,Catalina Araya,Paris,2026-08-30,catalina.araya544@gmail.com,Kayak
1125,Matias Lopez,,12-04-2027,matias.lopez1125@gmail.com,Booking
1170,Felipe Silva,,2027-12-23,felipe.silva1170@gmail.com,Kayak
412,Fernanda Araya,Barcelona,01-03-2028,fernanda.araya412@gmail.com,Kayak
534,Daniela Morales,Buenos Aires,2028-05-03,daniela.morales534@gmail.com,Google Flights
223,Francisca Paredes,Cancun,2026-11-30,francisca.paredes223@gmail.com,Kayak
769,Matias Diaz,Madrid,2027/09/13,matias.diaz769@gmail.com,Despegar
921,Ana Paredes,,2027-04-05,ana.paredes921@gmail.com,Google Flights
897,Javiera Morales,Lisboa,2026/11/01,javiera.morales897@gmail.com,Google Flights
579,Catalina Diaz,Montevideo,09-07-2028,catalina.diaz579@gmail.com,Travel Now
908,Matias Reyes,,2028/06/20,matias.reyes908@gmail.com,Booking
359,Javiera Morales,Roma,2028-08-22,javiera.morales359@gmail.com,Travel Now
509,Fernanda Vargas,Buenos Aires,2026-07-25,fernanda.vargas509@gmail.com,Booking
199,Ignacio Araya,Paris,2026/06/19,ignacio.araya199@gmail.com,Travel Now
808,Javiera Gomez,Lima,2027/09/30,javiera.gomez808@gmail.com,Booking
520,Catalina Fuentes,Cancun,2027/03/15,catalina.fuentes520@gmail.com,Kayak
340,Paula Gomez,Buenos Aires,2026/11/05,paula.gomez340@gmail.com,Booking
692,Francisca Rojas,La Paz,2028/04/26,francisca.rojas692@gmail.com,Travel Now
363,Felipe Paredes,Miami,2027-03-06,felipe.paredes363@gmail.com,Travel Now
599,Carlos Rodriguez,Madrid,2027/02/27,carlos.rodriguez599@gmail.com,Travel Now
953,Ignacio Rojas,Montevideo,09-04-2027,correo,Travel Now
329,Juan Morales,Lima,2028/01/06,juan.morales329@gmail.com,Despegar
398,Ignacio Sanchez,Ciudad de Mexico,2027/04/12,ignacio.sanchez398@gmail.com,Despegar
777,Maria Rojas,Bogota,2027-07-29,maria.rojas777@gmail.com,Google Flights
382,Daniela Rojas,Bogota,2028-07-08,daniela.rojas382@gmail.com,Travel Now
842,Maria Reyes,Quito,2026-11-16,maria.reyes842@gmail.com,Travel Now
348,Diego Morales,Santiago,2027-05-08,diego.morales348@gmail.com,Google Flights
96,Paula Rodriguez,Quito,2027-05-26,paula.rodriguez96@gmail.com,Despegar
1037,Camila Torres,Bogota,28-05-2028,correo,Google Flights
1131,Maria Silva,Berlin,fecha_mala,maria.silva1131@gmail.com,Booking
114,Juan Paredes,Berlin,18-02-2028,juan.paredes114@gmail.com,Google Flights
818,Paula Araya,Lima,2028/01/20,paula.araya818@gmail.com,Booking
1025,Sofia Martinez,Roma,fecha_mala,sofia.martinez1025@gmail.com,Kayak
934,Morales,Ciudad de Mexico,26-07-2026,javiera.morales934@gmail.com,Despegar
863,Diego Sanchez,Lisboa,2027/07/20,diego.sanchez863@gmail.com,Google Flights
672,Ana Romero,Berlin,2028-04-08,ana.romero672@gmail.com,Travel Now
369,Fernanda Gomez,Barcelona,22-08-2028,fernanda.gomez369@gmail.com,Kayak
102,Ana Lopez,Bogota,15-06-2027,ana.lopez102@gmail.com,Despegar
1039,Francisca Herrera,,13-05-2027,francisca.herrera1039@gmail.com,Travel Now
510,Francisca Lopez,Punta Cana,18-07-2028,francisca.lopez510@gmail.com,Travel Now
282,Maria Paredes,Miami,2028/09/22,maria.paredes282@gmail.com,Booking
878,Maria Paredes,Rio de Janeiro,29-06-2028,maria.paredes878@gmail.com,Kayak
805,Valentina Gomez,La Paz,2028/07/27,valentina.gomez805@gmail.com,Kayak
392,Sebastian Perez,Punta Cana,2027/08/18,sebastian.perez392@gmail.com,Google Flights
1187,Ana Castro,Bogota,21-11-2027,sin@dominio,Travel Now
217,Camila Rodriguez,Miami,20-01-2028,camila.rodriguez217@gmail.com,Travel Now
1119,Catalina Sanchez,,2026-08-23,catalina.sanchez1119@gmail.com,Kayak
539,Jose Araya,Madrid,2027-07-26,jose.araya539@gmail.com,Travel Now
974,Benjamin Sanchez,,2026-09-24,benjamin.sanchez974@gmail.com,Google Flights
51,Sebastian Herrera,Lisboa,2028-08-06,sebastian.herrera51@gmail.com,Booking
437,Catalina Sanchez,Lisboa,30-10-2027,catalina.sanchez437@gmail.com,Booking
243,Paula Torres,Buenos Aires,26-09-2026,paula.torres243@gmail.com,Travel Now
167,Catalina Rojas,Bogota,2027-02-06,catalina.rojas167@gmail.com,Kayak
888,Carlos Rojas,Paris,2028/09/14,carlos.rojas888@gmail.com,Booking
937,Juan Rojas,,2027-08-09,juan.rojas937@gmail.com,Google Flights
820,Benjamin Sanchez,Ciudad de Mexico,03-06-2026,benjamin.sanchez820@gmail.com,Kayak
752,Benjamin Martinez,Santiago,2027-09-02,benjamin.martinez752@gmail.com,Despegar
867,Diego Diaz,Punta Cana,2028/02/02,diego.diaz867@gmail.com,Travel Now
434,Sebastian Lopez,Roma,2027-03-21,sebastian.lopez434@gmail.com,Google Flights
768,Diego Rojas,Nueva York,2027-07-07,diego.rojas768@gmail.com,Booking
449,Matias Reyes,Roma,2028-10-02,matias.reyes449@gmail.com,Kayak
722,Ana Gomez,Nueva York,2026-11-03,ana.gomez722@gmail.com,Booking
1014,Ana Torres,Punta Cana,2027-06-27,sin@dominio,Kayak
1055,Maria Vargas,Cancun,fecha_mala,maria.vargas1055@gmail.com,Google Flights
653,Fernanda Vargas,Punta Cana,09-05-2028,fernanda.vargas653@gmail.com,Kayak
1045,Valentina Morales,Montevideo,fecha_mala,valentina.morales1045@gmail.com,Booking
221,Javiera Castro,Quito,2028/01/24,javiera.castro221@gmail.com,Booking
891,Javiera Diaz,Miami,2028/09/29,javiera.diaz891@gmail.com,Despegar
482,Maria Rodriguez,Buenos Aires,07-02-2027,maria.rodriguez482@gmail.com,Kayak
865,Jose Paredes,Punta Cana,2028/04/23,jose.paredes865@gmail.com,Booking
973,Sebastian Fernandez,,2027/07/27,sebastian.fernandez973@gmail.com,Kayak
938,Felipe Araya,,2027/05/10,felipe.araya938@gmail.com,Booking
1146,Juan Martinez,Paris,12-06-2028,malcorreo.com,Google Flights
275,Carlos Torres,Barcelona,2026/09/11,carlos.torres275@gmail.com,Travel Now
189,Diego Paredes,Miami,2027-02-27,diego.paredes189@gmail.com,Kayak
1069,Fuentes,La Paz,11-01-2028,benjamin.fuentes1069@gmail.com,Google Flights
321,Camila Perez,Punta Cana,2027-02-04,camila.perez321@gmail.com,Booking
45,Ana Gomez,Buenos Aires,2026-09-18,ana.gomez45@gmail.com,Travel Now
1168,Maria Herrera,Buenos Aires,fecha_mala,maria.herrera1168@gmail.com,Despegar
629,Francisca Gomez,Roma,28-06-2026,francisca.gomez629@gmail.com,Google Flights
593,Valentina Rojas,Punta Cana,2027-09-17,valentina.rojas593@gmail.com,Google Flights
487,Juan Fuentes,Montevideo,2028/01/20,juan.fuentes487@gmail.com,Kayak
462,Francisca Morales,Berlin,2027-10-17,francisca.morales462@gmail.com,Travel Now
699,Maria Vargas,Rio de Janeiro,27-05-2026,maria.vargas699@gmail.com,Booking
296,Paula Rodriguez,Santiago,2027-04-06,paula.rodriguez296@gmail.com,Google Flights
1112,Maria Perez,Ciudad de Mexico,2027-09-25,,Despegar
1165,Sofia Diaz,Punta Cana,fecha_mala,sofia.diaz1165@gmail.com,Travel Now
233,Camila Fernandez,Punta Cana,2026/07/08,camila.fernandez233@gmail.com,Kayak
333,Carlos Herrera,Lima,2028-04-28,carlos.herrera333@gmail.com,Travel Now
151,Carlos Gomez,Bogota,2027-12-19,carlos.gomez151@gmail.com,Google Flights
495,Benjamin Herrera,Cancun,2028-04-24,benjamin.herrera495@gmail.com,Google Flights
241,Sofia Morales,Lisboa,2028/03/04,sofia.morales241@gmail.com,Booking
802,Sebastian Romero,Punta Cana,2027/07/08,sebastian.romero802@gmail.com,Despegar
1181,Fernanda Sanchez,Punta Cana,2027/03/12,correo,Google Flights
697,Carlos Perez,Bogota,07-06-2028,carlos.perez697@gmail.com,Despegar
291,Daniela Silva,Berlin,2026/12/27,daniela.silva291@gmail.com,Google Flights
154,Maria Silva,Punta Cana,2027/03/08,maria.silva154@gmail.com,Google Flights
152,Francisca Lopez,Buenos Aires,2026/11/05,francisca.lopez152@gmail.com,Travel Now
849,Felipe Fuentes,Rio de Janeiro,2028/05/19,felipe.fuentes849@gmail.com,Travel Now
1166,Ignacio Herrera,Ciudad de Mexico,15-09-2028,sin@dominio,Despegar
475,Sebastian Araya,Ciudad de Mexico,2026/07/07,sebastian.araya475@gmail.com,Booking
535,Ignacio Lopez,Santiago,2026/10/15,ignacio.lopez535@gmail.com,Booking
55,Sofia Fernandez,Buenos Aires,2027/08/09,sofia.fernandez55@gmail.com,Kayak
354,Paula Diaz,Nueva York,2026-09-14,paula.diaz354@gmail.com,Kayak
1038,Francisca Vargas,Paris,fecha_mala,francisca.vargas1038@gmail.com,Travel Now
1066,Juan Herrera,Miami,15-08-2028,correo,Travel Now
885,Ignacio Fernandez,Miami,2028/06/05,ignacio.fernandez885@gmail.com,Google Flights
1121,Fernandez,Lima,23-09-2028,ana.fernandez1121@gmail.com,Travel Now
294,Jose Diaz,Paris,10-01-2027,jose.diaz294@gmail.com,Despegar
557,Felipe Vargas,Berlin,2028/09/23,felipe.vargas557@gmail.com,Kayak
1075,Javiera Araya,Berlin,13-03-2027,malcorreo.com,Booking
27,Fernanda Martinez,Lima,2027/09/25,fernanda.martinez27@gmail.com,Google Flights
42,Daniela Romero,Quito,13-09-2027,daniela.romero42@gmail.com,Despegar
331,Ana Fuentes,Buenos Aires,2027-06-05,ana.fuentes331@gmail.com,Booking
554,Ana Diaz,Quito,04-07-2027,ana.diaz554@gmail.com,Google Flights
717,Felipe Araya,Nueva York,2026-06-08,felipe.araya717@gmail.com,Despegar
743,Felipe Romero,Bogota,2028/06/23,felipe.romero743@gmail.com,Booking
748,Sofia Paredes,Rio de Janeiro,20-05-2027,sofia.paredes748@gmail.com,Kayak
603,Diego Gomez,Roma,2026-09-21,diego.gomez603@gmail.com,Google Flights
83,Felipe Paredes,La Paz,10-02-2028,felipe.paredes83@gmail.com,Kayak
519,Javiera Sanchez,Bogota,2028-07-18,javiera.sanchez519@gmail.com,Travel Now
477,Ignacio Rojas,Rio de Janeiro,30-11-2026,ignacio.rojas477@gmail.com,Kayak
53,Jose Silva,Quito,2028-04-10,jose.silva53@gmail.com,Kayak
358,Valentina Araya,Paris,2027/07/28,valentina.araya358@gmail.com,Travel Now
99,Ignacio Araya,Roma,2027/08/18,ignacio.araya99@gmail.com,Travel Now
1122,Carlos Martinez,,2028/01/27,carlos.martinez1122@gmail.com,Google Flights
103,Valentina Castro,La Paz,2028-01-13,valentina.castro103@gmail.com,Despegar
463,Matias Rodriguez,Cancun,14-06-2027,matias.rodriguez463@gmail.com,Despegar
1056,Catalina Fernandez,Nueva York,08-10-2027,correo,Travel Now
176,Maria Fernandez,Miami,2028-06-01,maria.fernandez176@gmail.com,Google Flights
889,Ignacio Fernandez,Ciudad de Mexico,2027/10/24,ignacio.fernandez889@gmail.com,Kayak
129,Maria Perez,Buenos Aires,06-09-2027,maria.perez129@gmail.com,Kayak
518,Benjamin Rodriguez,Roma,2028-09-13,benjamin.rodriguez518@gmail.com,Kayak
1136,Camila Fuentes,Lima,fecha_mala,camila.fuentes1136@gmail.com,Google Flights
97,Sofia Morales,Punta Cana,18-01-2027,sofia.morales97@gmail.com,Booking
789,Diego Silva,Rio de Janeiro,2026/06/21,diego.silva789@gmail.com,Booking
456,Juan Lopez,Lima,2027/12/01,juan.lopez456@gmail.com,Google Flights
235,Sofia Rodriguez,Nueva York,2027/03/18,sofia.rodriguez235@gmail.com,Kayak
311,Benjamin Morales,Berlin,2027-05-08,benjamin.morales311@gmail.com,Travel Now
877,Carlos Vargas,Nueva York,30-05-2027,carlos.vargas877@gmail.com,Kayak
16,Carlos Fuentes,Nueva York,11-01-2028,carlos.fuentes16@gmail.com,Travel Now
1076,Rodriguez,Montevideo,2027-12-22,ana.rodriguez1076@gmail.com,Travel Now
211,Jose Perez,Bogota,2027-07-01,jose.perez211@gmail.com,Google Flights
32,Matias Silva,Santiago,2028-01-05,matias.silva32@gmail.com,Despegar
576,Francisca Rodriguez,Santiago,02-08-2027,francisca.rodriguez576@gmail.com,Booking
313,Valentina Rojas,Miami,2028/07/13,valentina.rojas313@gmail.com,Booking
991,Matias Lopez,Rio de Janeiro,fecha_mala,matias.lopez991@gmail.com,Booking
1127,Jose Castro,Rio de Janeiro,2027-05-21,malcorreo.com,Kayak
435,Felipe Herrera,Santiago,2027-05-11,felipe.herrera435@gmail.com,Travel Now
746,Paula Fernandez,Ciudad de Mexico,02-12-2027,paula.fernandez746@gmail.com,Booking
801,Felipe Paredes,Quito,2028-04-19,felipe.paredes801@gmail.com,Travel Now
1077,Fuentes,Punta Cana,25-09-2027,francisca.fuentes1077@gmail.com,Booking
523,Fernanda Gomez,Bogota,2026/09/17,fernanda.gomez523@gmail.com,Despegar
170,Ignacio Rodriguez,Berlin,15-12-2026,ignacio.rodriguez170@gmail.com,Booking
550,Sofia Castro,Berlin,2027/04/12,sofia.castro550@gmail.com,Google Flights
941,Sebastian Fuentes,,13-05-2028,sebastian.fuentes941@gmail.com,Booking
447,Sebastian Vargas,Punta Cana,2027/09/21,sebastian.vargas447@gmail.com,Booking
430,Javiera Reyes,Lisboa,2028/03/22,javiera.reyes430@gmail.com,Booking
954,Martinez,Lisboa,21-11-2027,benjamin.martinez954@gmail.com,Google Flights
649,Valentina Romero,Quito,2027-06-16,valentina.romero649@gmail.com,Despegar
469,Sebastian Castro,Montevideo,2028/02/15,sebastian.castro469@gmail.com,Booking
242,Sofia Gomez,Nueva York,07-06-2028,sofia.gomez242@gmail.com,Google Flights
1051,Carlos Fernandez,,2027/08/03,carlos.fernandez1051@gmail.com,Google Flights
734,Camila Herrera,Montevideo,2026-06-29,camila.herrera734@gmail.com,Kayak
700,Benjamin Araya,Rio de Janeiro,2027/06/28,benjamin.araya700@gmail.com,Google Flights
1167,Lopez,Paris,2028-07-10,valentina.lopez1167@gmail.com,Booking
182,Maria Reyes,Roma,2027/11/01,maria.reyes182@gmail.com,Booking
976,Jose Perez,Ciudad de Mexico,17-06-2026,sin@dominio,Despegar
406,Francisca Araya,Buenos Aires,17-06-2028,francisca.araya406@gmail.com,Despegar
695,Francisca Paredes,Lisboa,2027-12-12,francisca.paredes695@gmail.com,Booking
419,Benjamin Vargas,Bogota,06-08-2026,benjamin.vargas419@gmail.com,Travel Now
379,Francisca Diaz,Madrid,2027-01-10,francisca.diaz379@gmail.com,Travel Now
172,Sebastian Romero,Buenos Aires,06-01-2027,sebastian.romero172@gmail.com,Booking
465,Matias Castro,Montevideo,2028-05-30,matias.castro465@gmail.com,Despegar
322,Catalina Rodriguez,Buenos Aires,21-06-2027,catalina.rodriguez322@gmail.com,Booking
40,Felipe Herrera,Cancun,06-09-2027,felipe.herrera40@gmail.com,Travel Now
118,Camila Romero,Quito,2027/03/05,camila.romero118@gmail.com,Kayak
736,Jose Silva,Bogota,2027/01/15,jose.silva736@gmail.com,Despegar
1144,Diego Silva,Lima,fecha_mala,diego.silva1144@gmail.com,Kayak
257,Matias Paredes,Rio de Janeiro,2026/11/02,matias.paredes257@gmail.com,Despegar
131,Benjamin Castro,Madrid,05-08-2027,benjamin.castro131@gmail.com,Kayak
932,Camila Silva,,2027/11/19,camila.silva932@gmail.com,Google Flights
631,Camila Reyes,Ciudad de Mexico,14-09-2027,camila.reyes631@gmail.com,Despegar
288,Sofia Rojas,Miami,11-09-2027,sofia.rojas288@gmail.com,Kayak
120,Paula Romero,Buenos Aires,2027/02/13,paula.romero120@gmail.com,Despegar
54,Sofia Martinez,Berlin,2026/12/14,sofia.martinez54@gmail.com,Despegar
302,Felipe Rodriguez,Punta Cana,2026-07-13,felipe.rodriguez302@gmail.com,Kayak
943,Francisca Reyes,Lima,2027/08/30,correo,Travel Now
751,Maria Fernandez,Nueva York,31-07-2028,maria.fernandez751@gmail.com,Despegar
527,Sebastian Araya,Miami,2026/07/23,sebastian.araya527@gmail.com,Kayak
776,Camila Fuentes,La Paz,2026-07-02,camila.fuentes776@gmail.com,Despegar
900,Juan Castro,Barcelona,12-10-2027,juan.castro900@gmail.com,Google Flights
1080,Sebastian Fernandez,Rio de Janeiro,fecha_mala,sebastian.fernandez1080@gmail.com,Google Flights
1083,Torres,Bogota,2026-11-09,paula.torres1083@gmail.com,Travel Now
196,Ana Rodriguez,Ciudad de Mexico,07-07-2028,ana.rodriguez196@gmail.com,Kayak
632,Carlos Lopez,Santiago,2028/01/21,carlos.lopez632@gmail.com,Google Flights
41,Juan Perez,Barcelona,2027-09-05,juan.perez41@gmail.com,Kayak
654,Valentina Rojas,Punta Cana,12-08-2026,valentina.rojas654@gmail.com,Despegar
138,Juan Fuentes,La Paz,21-09-2028,juan.fuentes138@gmail.com,Booking
793,Matias Herrera,Berlin,12-04-2027,matias.herrera793@gmail.com,Kayak
407,Diego Sanchez,Montevideo,13-01-2027,diego.sanchez407@gmail.com,Kayak
31,Ana Romero,Lisboa,2028/07/05,ana.romero31@gmail.com,Booking
1022,Reyes,Ciudad de Mexico,15-03-2028,fernanda.reyes1022@gmail.com,Google Flights
11,Ana Romero,Lisboa,2028-02-24,ana.romero11@gmail.com,Booking
521,Javiera Lopez,Montevideo,11-09-2026,javiera.lopez521@gmail.com,Booking
868,Valentina Vargas,Lima,2026/08/19,valentina.vargas868@gmail.com,Kayak
916,Felipe Araya,La Paz,22-05-2028,correo,Kayak
942,Juan Martinez,Lima,fecha_mala,juan.martinez942@gmail.com,Google Flights
1101,Sanchez,Bogota,16-02-2028,francisca.sanchez1101@gmail.com,Booking
1097,Matias Araya,Lisboa,2026-12-29,sin@dominio,Kayak
80,Maria Morales,Barcelona,2028/01/20,maria.morales80@gmail.com,Kayak
645,Javiera Silva,Montevideo,2027-01-01,javiera.silva645@gmail.com,Google Flights
70,Javiera Perez,Rio de Janeiro,2028/07/04,javiera.perez70@gmail.com,Travel Now
567,Valentina Martinez,Madrid,2026-08-25,valentina.martinez567@gmail.com,Travel Now
702,Jose Gomez,Cancun,2028/08/28,jose.gomez702@gmail.com,Despegar
875,Fernanda Araya,Ciudad de Mexico,2028/04/09,fernanda.araya875@gmail.com,Booking
542,Javiera Fernandez,Montevideo,2028/06/18,javiera.fernandez542@gmail.com,Booking
799,Carlos Castro,Cancun,2026-10-23,carlos.castro799@gmail.com,Google Flights
731,Fernanda Sanchez,Roma,2027/04/22,fernanda.sanchez731@gmail.com,Kayak
959,Felipe Rodriguez,Madrid,fecha_mala,felipe.rodriguez959@gmail.com,Travel Now
967,Carlos Araya,Rio de Janeiro,fecha_mala,carlos.araya967@gmail.com,Travel Now
601,Ignacio Gomez,Lima,31-05-2027,ignacio.gomez601@gmail.com,Booking
448,Jose Martinez,Quito,2028/03/24,jose.martinez448@gmail.com,Kayak
141,Sebastian Sanchez,Punta Cana,2027-08-03,sebastian.sanchez141@gmail.com,Google Flights
992,Felipe Herrera,,02-07-2026,felipe.herrera992@gmail.com,Travel Now
1085,Camila Sanchez,,2028-02-28,camila.sanchez1085@gmail.com,Despegar
350,Fernanda Gomez,Lisboa,2027-11-07,fernanda.gomez350@gmail.com,Booking
341,Jose Romero,Berlin,18-01-2028,jose.romero341@gmail.com,Travel Now
977,Valentina Fernandez,Miami,fecha_mala,valentina.fernandez977@gmail.com,Travel Now
663,Benjamin Vargas,La Paz,2027-05-31,benjamin.vargas663@gmail.com,Despegar
1046,Paula Reyes,Miami,fecha_mala,paula.reyes1046@gmail.com,Kayak
444,Javiera Fernandez,Montevideo,2027/07/17,javiera.fernandez444@gmail.com,Google Flights
77,Valentina Romero,Miami,2028-02-27,valentina.romero77@gmail.com,Kayak
561,Catalina Diaz,Quito,2027/05/21,catalina.diaz561@gmail.com,Booking
1096,Valentina Romero,,2028/02/26,valentina.romero1096@gmail.com,Booking
792,Matias Lopez,Madrid,2028/04/19,matias.lopez792@gmail.com,Google Flights
23,Jose Paredes,Quito,2027/11/04,jose.paredes23@gmail.com,Booking
922,Felipe Fernandez,Madrid,fecha_mala,felipe.fernandez922@gmail.com,Travel Now
73,Catalina Vargas,Bogota,2028-07-20,catalina.vargas73@gmail.com,Despegar
280,Francisca Martinez,Cancun,2027/03/15,francisca.martinez280@gmail.com,Kayak
638,Fernanda Vargas,Santiago,05-04-2027,fernanda.vargas638@gmail.com,Travel Now
168,Maria Perez,Buenos Aires,2028/08/25,maria.perez168@gmail.com,Travel Now
401,Daniela Diaz,Madrid,2027/09/23,daniela.diaz401@gmail.com,Booking
24,Paula Sanchez,Ciudad de Mexico,2027/09/28,paula.sanchez24@gmail.com,Google Flights
324,Catalina Diaz,Montevideo,2026-07-08,catalina.diaz324@gmail.com,Booking
597,Daniela Morales,Lisboa,2028/03/15,daniela.morales597@gmail.com,Booking
650,Ignacio Sanchez,Lisboa,2028-05-22,ignacio.sanchez650@gmail.com,Kayak
1019,Ignacio Reyes,Ciudad de Mexico,2028/01/08,,Travel Now
318,Fernanda Romero,Ciudad de Mexico,30-07-2028,fernanda.romero318@gmail.com,Despegar
1013,Diaz,Roma,2027/02/25,paula.diaz1013@gmail.com,Booking
436,Matias Paredes,Santiago,2027-07-29,matias.paredes436@gmail.com,Kayak
903,Catalina Rodriguez,Montevideo,18-08-2026,,Google Flights
727,Benjamin Gomez,Roma,2027-08-08,benjamin.gomez727@gmail.com,Booking
528,Paula Araya,Paris,2028-03-25,paula.araya528@gmail.com,Google Flights
573,Felipe Silva,Berlin,2026/07/24,felipe.silva573@gmail.com,Booking
1010,Sebastian Paredes,,2026-09-02,sebastian.paredes1010@gmail.com,Google Flights
209,Felipe Romero,Berlin,2027-09-17,felipe.romero209@gmail.com,Kayak
646,Daniela Rodriguez,Bogota,2027-01-12,daniela.rodriguez646@gmail.com,Kayak
690,Javiera Sanchez,Paris,2028-06-27,javiera.sanchez690@gmail.com,Google Flights
1190,Camila Araya,Miami,fecha_mala,camila.araya1190@gmail.com,Despegar
594,Ana Rojas,Nueva York,2026/12/07,ana.rojas594@gmail.com,Despegar
1173,Rodriguez,Madrid,2028/07/21,valentina.rodriguez1173@gmail.com,Booking
1148,Benjamin Castro,,10-12-2026,benjamin.castro1148@gmail.com,Booking
705,Matias Rodriguez,Bogota,2027-03-15,matias.rodriguez705@gmail.com,Google Flights
724,Felipe Vargas,Bogota,2026/10/07,felipe.vargas724@gmail.com,Kayak
586,Camila Herrera,Santiago,2028-01-28,camila.herrera586@gmail.com,Despegar
1089,Valentina Morales,,26-07-2027,valentina.morales1089@gmail.com,Kayak
669,Felipe Martinez,Barcelona,25-11-2026,felipe.martinez669@gmail.com,Despegar
794,Diego Morales,Nueva York,2027/09/27,diego.morales794@gmail.com,Travel Now
484,Francisca Fuentes,Buenos Aires,21-10-2026,francisca.fuentes484@gmail.com,Despegar
676,Camila Martinez,Barcelona,21-02-2028,camila.martinez676@gmail.com,Booking
811,Sebastian Sanchez,Nueva York,30-03-2027,sebastian.sanchez811@gmail.com,Booking
400,Valentina Martinez,Rio de Janeiro,21-08-2028,valentina.martinez400@gmail.com,Google Flights
202,Matias Silva,Bogota,2027/10/06,matias.silva202@gmail.com,Booking
373,Sofia Herrera,Bogota,2027/01/07,sofia.herrera373@gmail.com,Google Flights
680,Paula Diaz,Nueva York,2028/10/02,paula.diaz680@gmail.com,Booking
755,Ana Vargas,Cancun,2027/01/31,ana.vargas755@gmail.com,Travel Now
546,Paula Reyes,Bogota,2028-09-02,paula.reyes546@gmail.com,Travel Now
28,Javiera Diaz,Nueva York,2028/08/30,javiera.diaz28@gmail.com,Booking
884,Paula Herrera,Punta Cana,2028/05/04,paula.herrera884@gmail.com,Google Flights
489,Carlos Castro,Paris,2028-07-21,carlos.castro489@gmail.com,Kayak
86,Maria Lopez,Punta Cana,2027-08-09,maria.lopez86@gmail.com,Booking
179,Daniela Paredes,Paris,17-10-2026,daniela.paredes179@gmail.com,Booking
618,Paula Rodriguez,Roma,2027-08-26,paula.rodriguez618@gmail.com,Travel Now
90,Maria Silva,Lima,02-05-2028,maria.silva90@gmail.com,Despegar
898,Ana Fuentes,La Paz,2028/04/20,ana.fuentes898@gmail.com,Despegar
782,Francisca Fernandez,Montevideo,2026/09/09,francisca.fernandez782@gmail.com,Kayak
109,Sebastian Sanchez,Ciudad de Mexico,28-06-2027,sebastian.sanchez109@gmail.com,Booking
153,Daniela Silva,Buenos Aires,17-11-2026,daniela.silva153@gmail.com,Travel Now
1073,Martinez,Barcelona,2028-06-08,benjamin.martinez1073@gmail.com,Travel Now
344,Jose Sanchez,Quito,2028-02-23,jose.sanchez344@gmail.com,Travel Now
1183,Fernandez,Madrid,06-01-2028,carlos.fernandez1183@gmail.com,Booking
273,Juan Perez,Berlin,25-02-2028,juan.perez273@gmail.com,Despegar
1050,Matias Rodriguez,Bogota,2027/11/01,malcorreo.com,Kayak
10,Ana Silva,Lisboa,24-06-2027,ana.silva10@gmail.com,Travel Now
647,Sofia Torres,Buenos Aires,03-07-2027,sofia.torres647@gmail.com,Despegar
548,Matias Vargas,Bogota,2027/12/16,matias.vargas548@gmail.com,Booking
163,Matias Herrera,Punta Cana,2026/08/30,matias.herrera163@gmail.com,Booking
1200,Daniela Perez,Berlin,fecha_mala,daniela.perez1200@gmail.com,Travel Now
418,Ana Romero,Lima,2028-05-04,ana.romero418@gmail.com,Google Flights
704,Maria Torres,Santiago,2027-08-29,maria.torres704@gmail.com,Booking
602,Felipe Martinez,Berlin,2028/07/23,felipe.martinez602@gmail.com,Kayak
883,Matias Gomez,Punta Cana,2027-04-17,matias.gomez883@gmail.com,Google Flights
989,Sebastian Araya,,2026-10-28,sebastian.araya989@gmail.com,Travel Now
338,Sebastian Silva,Buenos Aires,20-06-2027,sebastian.silva338@gmail.com,Booking
779,Ana Rodriguez,Lima,26-02-2028,ana.rodriguez779@gmail.com,Travel Now
512,Benjamin Sanchez,Rio de Janeiro,2028/06/16,benjamin.sanchez512@gmail.com,Kayak
353,Juan Silva,Lima,2026-06-25,juan.silva353@gmail.com,Kayak
902,Lopez,La Paz,2026/09/16,fernanda.lopez902@gmail.com,Travel Now
966,Romero,Madrid,30-06-2027,sebastian.romero966@gmail.com,Booking
17,Benjamin Sanchez,Ciudad de Mexico,03-07-2028,benjamin.sanchez17@gmail.com,Booking
299,Camila Diaz,Montevideo,2027-06-27,camila.diaz299@gmail.com,Despegar
263,Juan Morales,Bogota,2027/12/29,juan.morales263@gmail.com,Kayak
256,Valentina Rojas,Montevideo,2027/04/20,valentina.rojas256@gmail.com,Despegar
247,Paula Rodriguez,Ciudad de Mexico,2027-10-09,paula.rodriguez247@gmail.com,Booking
12,Sofia Gomez,Lima,2027-11-30,sofia.gomez12@gmail.com,Travel Now
499,Ignacio Perez,Berlin,17-09-2026,ignacio.perez499@gmail.com,Booking
298,Ana Silva,Roma,03-12-2027,ana.silva298@gmail.com,Google Flights
993,Sebastian Diaz,Montevideo,30-06-2028,,Despegar
905,Paredes,Roma,07-12-2026,matias.paredes905@gmail.com,Despegar
145,Matias Martinez,Miami,2027-05-06,matias.martinez145@gmail.com,Booking
376,Camila Vargas,Quito,2026-06-17,camila.vargas376@gmail.com,Google Flights
1141,Catalina Fernandez,La Paz,14-01-2028,malcorreo.com,Despegar
740,Juan Paredes,Paris,2027-11-12,juan.paredes740@gmail.com,Google Flights
732,Camila Perez,Cancun,2028-09-15,camila.perez732@gmail.com,Travel Now
1138,Sofia Torres,Lisboa,fecha_mala,sofia.torres1138@gmail.com,Travel Now
65,Paula Paredes,Montevideo,15-12-2026,paula.paredes65@gmail.com,Booking
711,Jose Martinez,Buenos Aires,11-08-2027,jose.martinez711@gmail.com,Travel Now
691,Ana Perez,Lima,2028/01/18,ana.perez691@gmail.com,Despegar
429,Benjamin Vargas,Ciudad de Mexico,2027-07-25,benjamin.vargas429@gmail.com,Kayak
387,Jose Sanchez,Berlin,2027-12-18,jose.sanchez387@gmail.com,Despegar
254,Catalina Rojas,Buenos Aires,2026-09-14,catalina.rojas254@gmail.com,Travel Now
183,Diego Sanchez,Rio de Janeiro,2027/12/07,diego.sanchez183@gmail.com,Google Flights
244,Benjamin Araya,Montevideo,2028/05/15,benjamin.araya244@gmail.com,Google Flights
1130,Daniela Reyes,Montevideo,2027-08-25,,Booking
408,Benjamin Romero,Lima,2027-07-04,benjamin.romero408@gmail.com,Despegar
896,Sofia Paredes,Cancun,2027/10/08,sofia.paredes896@gmail.com,Kayak
772,Valentina Diaz,Punta Cana,2028-10-09,valentina.diaz772@gmail.com,Despegar
827,Valentina Vargas,Paris,01-06-2026,valentina.vargas827@gmail.com,Google Flights
416,Maria Martinez,Punta Cana,2026/10/17,maria.martinez416@gmail.com,Travel Now
5,Camila Romero,Paris,10-05-2028,camila.romero5@gmail.com,Travel Now
1118,Carlos Martinez,,2026-12-14,carlos.martinez1118@gmail.com,Google Flights
270,Ignacio Romero,Santiago,23-11-2026,ignacio.romero270@gmail.com,Booking
380,Jose Perez,Ciudad de Mexico,2027-03-31,jose.perez380@gmail.com,Booking
301,Sofia Lopez,Paris,2028-09-23,sofia.lopez301@gmail.com,Booking
906,Diego Rojas,,2026-10-09,diego.rojas906@gmail.com,Google Flights
290,Matias Fernandez,Cancun,2026/10/14,matias.fernandez290@gmail.com,Despegar
687,Sofia Vargas,Berlin,2027/07/03,sofia.vargas687@gmail.com,Kayak
689,Javiera Romero,Nueva York,02-02-2027,javiera.romero689@gmail.com,Travel Now
585,Catalina Vargas,Lisboa,16-07-2028,catalina.vargas585@gmail.com,Booking
229,Jose Fuentes,Paris,2027/10/09,jose.fuentes229@gmail.com,Google Flights
572,Ana Lopez,Rio de Janeiro,2027/10/27,ana.lopez572@gmail.com,Despegar
74,Valentina Morales,Santiago,2028-06-07,valentina.morales74@gmail.com,Travel Now
370,Ignacio Torres,Cancun,2027/04/05,ignacio.torres370@gmail.com,Google Flights
998,Valentina Vargas,,2028/04/27,valentina.vargas998@gmail.com,Travel Now
454,Diego Fuentes,Buenos Aires,2028/04/12,diego.fuentes454@gmail.com,Booking
965,Diego Araya,Santiago,fecha_mala,diego.araya965@gmail.com,Google Flights
82,Sofia Martinez,Madrid,10-04-2028,sofia.martinez82@gmail.com,Kayak
853,Matias Martinez,Roma,2026/08/31,matias.martinez853@gmail.com,Kayak
385,Sebastian Fernandez,Barcelona,2027/12/10,sebastian.fernandez385@gmail.com,Kayak
474,Catalina Rodriguez,Miami,2027-12-29,catalina.rodriguez474@gmail.com,Google Flights
1143,Valentina Castro,,08-02-2027,valentina.castro1143@gmail.com,Kayak
575,Sofia Reyes,Lima,2027/01/12,sofia.reyes575@gmail.com,Booking
128,Felipe Morales,Lima,2026-08-22,felipe.morales128@gmail.com,Google Flights
278,Matias Romero,Berlin,2028/03/28,matias.romero278@gmail.com,Despegar
701,Jose Herrera,Berlin,2028/05/09,jose.herrera701@gmail.com,Kayak
757,Felipe Fuentes,Cancun,19-07-2027,felipe.fuentes757@gmail.com,Google Flights
1000,Rodriguez,Quito,2026/07/20,fernanda.rodriguez1000@gmail.com,Kayak
478,Paula Diaz,Bogota,2028/07/02,paula.diaz478@gmail.com,Kayak
622,Ana Castro,Roma,2027/04/18,ana.castro622@gmail.com,Kayak
119,Matias Reyes,Lima,2026/09/30,matias.reyes119@gmail.com,Booking
930,Jose Lopez,Cancun,fecha_mala,jose.lopez930@gmail.com,Despegar
455,Camila Reyes,La Paz,26-05-2027,camila.reyes455@gmail.com,Travel Now
607,Sofia Morales,Bogota,24-12-2026,sofia.morales607@gmail.com,Despegar
758,Sofia Gomez,Berlin,2028-03-08,sofia.gomez758@gmail.com,Kayak
493,Ignacio Fuentes,Rio de Janeiro,2028-01-25,ignacio.fuentes493@gmail.com,Kayak
442,Jose Rodriguez,Lisboa,2027/04/28,jose.rodriguez442@gmail.com,Travel Now
800,Camila Paredes,Roma,2028-02-22,camila.paredes800@gmail.com,Travel Now
500,Ignacio Araya,Madrid,25-11-2026,ignacio.araya500@gmail.com,Kayak
950,Paula Gomez,Lisboa,fecha_mala,paula.gomez950@gmail.com,Kayak
250,Juan Fernandez,Buenos Aires,2026-12-27,juan.fernandez250@gmail.com,Despegar
621,Francisca Sanchez,La Paz,2028-08-29,francisca.sanchez621@gmail.com,Kayak
1059,Sebastian Rojas,,2028-01-24,sebastian.rojas1059@gmail.com,Travel Now
388,Matias Reyes,Madrid,2026-06-09,matias.reyes388@gmail.com,Kayak
1113,Fuentes,Montevideo,07-08-2027,juan.fuentes1113@gmail.com,Despegar
1042,Felipe Reyes,Berlin,2026/06/23,sin@dominio,Kayak
1171,Matias Rodriguez,Miami,fecha_mala,matias.rodriguez1171@gmail.com,Booking
780,Maria Perez,Lima,2027/08/26,maria.perez780@gmail.com,Google Flights
464,Javiera Perez,Bogota,2028/06/28,javiera.perez464@gmail.com,Booking
876,Jose Diaz,Bogota,2027/07/01,jose.diaz876@gmail.com,Despegar
726,Sebastian Rodriguez,Bogota,2028/01/08,sebastian.rodriguez726@gmail.com,Booking
678,Maria Diaz,Roma,2026-12-02,maria.diaz678@gmail.com,Kayak
336,Diego Lopez,Barcelona,2028/01/17,diego.lopez336@gmail.com,Despegar
1199,Jose Araya,Montevideo,fecha_mala,jose.araya1199@gmail.com,Travel Now
538,Francisca Herrera,Nueva York,2026/09/01,francisca.herrera538@gmail.com,Booking
197,Maria Herrera,Lima,2026/06/09,maria.herrera197@gmail.com,Travel Now
995,Carlos Perez,Paris,fecha_mala,carlos.perez995@gmail.com,Booking
670,Ana Perez,Punta Cana,2027/10/07,ana.perez670@gmail.com,Travel Now
918,Maria Diaz,Barcelona,2028/06/03,sin@dominio,Kayak
225,Paula Paredes,Cancun,2027-08-20,paula.paredes225@gmail.com,Booking
1018,Camila Lopez,Nueva York,2027-05-05,,Despegar
981,Reyes,Barcelona,2027/07/18,maria.reyes981@gmail.com,Booking
453,Jose Martinez,Cancun,2027-10-08,jose.martinez453@gmail.com,Kayak
467,Carlos Fernandez,Buenos Aires,2026-10-23,carlos.fernandez467@gmail.com,Kayak
461,Benjamin Sanchez,Barcelona,2027/11/23,benjamin.sanchez461@gmail.com,Despegar
193,Juan Perez,Lima,2028-08-24,juan.perez193@gmail.com,Booking
94,Javiera Rodriguez,Montevideo,2027/12/10,javiera.rodriguez94@gmail.com,Despegar
657,Francisca Gomez,Cancun,2028-01-18,francisca.gomez657@gmail.com,Google Flights
825,Maria Silva,Lima,14-12-2026,maria.silva825@gmail.com,Google Flights
59,Jose Paredes,Lima,2028/07/30,jose.paredes59@gmail.com,Kayak
220,Sofia Diaz,Barcelona,2027-05-08,sofia.diaz220@gmail.com,Booking
1041,Diego Romero,Montevideo,2026-07-20,sin@dominio,Travel Now
8,Maria Martinez,Miami,01-09-2028,maria.martinez8@gmail.com,Kayak
537,Diego Perez,Roma,2027-04-17,diego.perez537@gmail.com,Travel Now
935,Diaz,Lisboa,04-05-2028,fernanda.diaz935@gmail.com,Travel Now
394,Ignacio Morales,Barcelona,05-12-2027,ignacio.morales394@gmail.com,Travel Now
533,Catalina Sanchez,Buenos Aires,2028/01/24,catalina.sanchez533@gmail.com,Despegar
514,Valentina Herrera,Cancun,2027/02/22,valentina.herrera514@gmail.com,Google Flights
1031,Sebastian Martinez,,2027-02-12,sebastian.martinez1031@gmail.com,Travel Now
160,Benjamin Paredes,Paris,2027-05-31,benjamin.paredes160@gmail.com,Kayak
1104,Rodriguez,Madrid,18-06-2028,felipe.rodriguez1104@gmail.com,Kayak
980,Maria Lopez,Ciudad de Mexico,fecha_mala,maria.lopez980@gmail.com,Travel Now
608,Carlos Gomez,Buenos Aires,2028-02-11,carlos.gomez608@gmail.com,Kayak
1024,Morales,Roma,17-06-2027,catalina.morales1024@gmail.com,Travel Now
847,Felipe Rojas,Cancun,2026-05-30,felipe.rojas847@gmail.com,Despegar
316,Francisca Rodriguez,Lima,20-09-2026,francisca.rodriguez316@gmail.com,Kayak
1040,Benjamin Martinez,La Paz,2028/05/17,malcorreo.com,Kayak
812,Diego Diaz,Paris,2027/04/29,diego.diaz812@gmail.com,Kayak
303,Daniela Lopez,Santiago,10-05-2027,daniela.lopez303@gmail.com,Despegar
856,Javiera Perez,Roma,2027/12/08,javiera.perez856@gmail.com,Booking
178,Catalina Fernandez,Madrid,2026-09-11,catalina.fernandez178@gmail.com,Kayak
795,Juan Morales,Punta Cana,18-06-2027,juan.morales795@gmail.com,Booking
390,Diego Romero,Quito,2026-10-08,diego.romero390@gmail.com,Booking
306,Carlos Vargas,Lima,2028-04-20,carlos.vargas306@gmail.com,Travel Now
1063,Fernanda Vargas,Lima,fecha_mala,fernanda.vargas1063@gmail.com,Kayak
656,Javiera Araya,Nueva York,2028-01-15,javiera.araya656@gmail.com,Google Flights
944,Javiera Castro,Roma,fecha_mala,javiera.castro944@gmail.com,Google Flights
78,Felipe Castro,Quito,2027/05/31,felipe.castro78@gmail.com,Despegar
674,Maria Rojas,Miami,2026-08-06,maria.rojas674@gmail.com,Travel Now
1098,Romero,Barcelona,2027/12/06,fernanda.romero1098@gmail.com,Google Flights
258,Paula Torres,Lisboa,11-10-2026,paula.torres258@gmail.com,Kayak
721,Benjamin Diaz,La Paz,2026-09-04,benjamin.diaz721@gmail.com,Google Flights
